Id,BIRTHDATE,DEATHDATE,SSN,DRIVERS,PASSPORT,PREFIX,FIRST,MIDDLE,LAST,SUFFIX,MAIDEN,MARITAL,RACE,ETHNICITY,GENDER,BIRTHPLACE,ADDRESS,CITY,STATE,COUNTY,FIPS,ZIP,LAT,LON,HEALTHCARE_EXPENSES,HEALTHCARE_COVERAGE,INCOME
a35dfdc9-1d97-63e0-a0b6-3e97b6fd5fe1,1995-09-24,,999-47-1442,S99987167,X65734180X,Mr.,Joel444,Isaias604,Hand679,,,M,white,nonhispanic,M,North Brookfield  Massachusetts  US,370 Moore Flat,Boston,Massachusetts,Suffolk County,25025,02108,42.38455212619432,-71.06049007739105,14523.94,0.00,534421
552461fe-485c-659e-a02a-3f43b6f4d209,1947-03-16,,999-52-4441,S99947528,X16497252X,Mr.,Vincenzo126,Jeremy766,Morissette863,,,S,white,nonhispanic,M,Pittsfield  Massachusetts  US,844 Kihn Club,Sandwich,Massachusetts,Barnstable County,25001,02563,41.70453181762948,-70.51235491363884,20946.26,1498.48,65295
42616746-f8f2-a25b-c36e-668ff41528e9,2004-09-09,,999-39-1022,S99911515,X61864230X,Ms.,Latisha994,Jose871,Cummings51,,,,white,nonhispanic,F,Leominster  Massachusetts  US,506 Gibson Light Suite 31,Malden,Massachusetts,Middlesex County,25017,02155,42.43514274101065,-71.03229845044365,12478.62,0.00,35460
5c9f20d5-8361-b331-9267-5303ca5b136a,1969-12-10,,999-50-6764,S99981758,X48171219X,Mr.,Andrés117,Hernán834,Olivo261,,,S,white,hispanic,M,Caracas  Capital District  VE,1036 Hettinger Ville,Chicopee,Massachusetts,Hampden County,25013,01020,42.16251064874955,-72.54557988719839,18212.46,0.00,88407
96c54863-c359-ca32-7899-2fb31ab8ea65,1998-01-09,,999-90-4284,S99950865,X82789701X,Mrs.,Gertrudis163,Pat3,Trantow673,,D'Amore443,M,white,nonhispanic,F,Falmouth  Massachusetts  US,1098 Lowe Extension,Shrewsbury,Massachusetts,Worcester County,,00000,42.262220427002404,-71.75122375735494,13207.80,1316.14,503848
72b5373b-e9f1-db2d-6c43-4506fb4b3e3f,1962-03-21,,999-14-7567,S99956424,X43580131X,Mrs.,Marta91,,Ávalos396,,Aguilera202,W,white,hispanic,F,Tegucigalpa  Francisco Morazán  HN,991 Aufderhar Trailer,Lynn,Massachusetts,Essex County,25009,01901,42.42650323579352,-70.91792050617427,9400.00,13450.06,5779
eed8a921-eac8-0778-4113-255f4e35506a,1963-01-15,,999-86-5479,S99941306,X00528157X,Mrs.,Kimi714,Katerine813,Greenholt190,,Nienow652,M,black,nonhispanic,F,Marshfield  Massachusetts  US,413 Schiller Green Suite 85,Boston,Massachusetts,Suffolk County,25025,02134,42.394648625457,-71.08231961066721,18610.50,0.00,45680
f1f05592-2511-92df-6f3e-c64ac3152b26,1983-05-26,,999-41-7624,S99992465,X29674987X,Mrs.,Reva678,,Kilback373,,Weimann465,M,white,nonhispanic,F,Franklin  Massachusetts  US,170 Feil Trailer Suite 93,Middleborough,Massachusetts,Plymouth County,,00000,41.83211923086947,-70.88071630412034,16289.18,0.00,36592
3c4b499b-090b-c6fa-28d7-b56c6056d0a2,1946-07-15,,999-80-6276,S99964132,X82945453X,Ms.,Louie190,Danita413,Botsford977,,,S,white,nonhispanic,F,Brookline  Massachusetts  US,135 Tremblay Fort,South Yarmouth,Massachusetts,Barnstable County,25001,02664,41.70084416937746,-70.19108338111833,21054.54,1527.00,67198
c4d5d909-433c-fccf-5984-4213b88417cb,1978-06-01,,999-58-2866,S99936365,X23260490X,Mr.,Rudy520,Pasquale620,Rutherford999,,,M,black,nonhispanic,M,Framingham  Massachusetts  US,328 Kling Bridge,Whitman,Massachusetts,Plymouth County,,00000,42.09775492778911,-70.93081370113795,12456.80,1805.20,30100
288427c5-ee03-f47e-6872-def5772f427c,1956-08-27,,999-75-4596,S99941953,X85182493X,Mr.,Eloy929,,Adams676,,,M,white,hispanic,M,Randolph  Massachusetts  US,230 Jakubowski Byway Suite 37,Belmont,Massachusetts,Middlesex County,25017,02472,42.35812230248354,-71.1672974226439,22107.34,471.00,363895
7a58a941-bd27-086e-d622-38e5917d0df5,1957-03-14,,999-28-3841,S99989555,X61568786X,Mrs.,Elinore878,,Okuneva707,,Beatty507,M,white,nonhispanic,F,Melrose  Massachusetts  US,806 Koss Meadow Apt 46,Colrain,Massachusetts,Franklin County,,00000,42.695370799376896,-72.71211376066209,18431.00,471.00,36487
5393ea7f-1fea-4064-9df4-460a2f662d07,1974-05-18,,999-24-7706,S99972296,X58027779X,Mr.,Miguel815,,Bashirian201,,,M,white,nonhispanic,M,Methuen  Massachusetts  US,339 Stoltenberg Village,Dalton,Massachusetts,Berkshire County,,00000,42.4700163962609,-73.16577471299114,5500.00,9444.40,3229
595f9fb9-fcf0-e5bc-239a-e86a96db6211,1972-01-13,,999-58-2324,S99942923,X13894246X,Mr.,Lucius907,,Emard19,,,S,white,nonhispanic,M,Stoughton  Massachusetts  US,609 King Promenade Apt 41,Lowell,Massachusetts,Middlesex County,25017,01854,42.6251419384755,-71.33235620401317,6300.00,10964.12,3928
33627b4d-7b0d-6388-a832-f5fa07a9e8ef,1986-02-12,,999-52-1187,S99946039,X88835910X,Mr.,Fred155,Carmine137,Schuster709,,,M,black,nonhispanic,M,Haverhill  Massachusetts  US,555 Mertz Ferry Unit 44,Springfield,Massachusetts,Hampden County,25013,01105,42.184702408876994,-72.48591872732067,12607.06,0.00,66991
31b5fe0c-a493-9438-7ac6-b3c7cdd723c4,1975-12-29,,999-44-4295,S99931032,X79999089X,Ms.,Georgie506,Eugene421,Fay398,,,S,white,nonhispanic,F,Milford  Massachusetts  US,945 Nikolaus View Unit 7,Westford,Massachusetts,Middlesex County,,00000,42.60496480757186,-71.42394515202272,18621.54,0.00,69914
171a2edf-e42a-364e-6b06-0c17b5af82b5,1967-02-03,,999-20-8168,S99983596,X98042727X,Mr.,Rosario163,Weston546,Friesen796,,,M,black,nonhispanic,M,Kingston  Massachusetts  US,1029 Daugherty Ramp,Plymouth,Massachusetts,Plymouth County,25023,02360,41.85018426444588,-70.5845512421835,18883.58,0.00,106364
59d21b6d-ef06-1497-4b9c-19918733d3f6,1969-12-15,,999-59-8513,S99983472,X92313895X,Mrs.,Dallas143,Caryn49,Kuhlman484,,Weber641,M,asian,nonhispanic,F,Williamsburg  Massachusetts  US,556 Baumbach Port,Quincy,Massachusetts,Norfolk County,25021,02171,42.26815602951726,-71.06003049320992,15627.60,0.00,75773
1a4f7487-d2e6-408c-44a8-ca456c6e38bb,1974-04-14,,999-86-2106,S99934251,X02969629X,Mr.,Rodger755,,Cremin516,,,M,white,nonhispanic,M,Lynn  Massachusetts  US,644 Schmitt Pathway Suite 10,Avon,Massachusetts,Norfolk County,,00000,42.11765090213507,-71.01839886273467,17256.74,0.00,47847
f1c177e7-2945-c20d-0d7f-673ce7ef53d0,1969-07-07,,999-78-5915,S99993946,X16601863X,Mrs.,Armandina361,Cami698,Reynolds644,MD,Oberbrunner298,M,white,nonhispanic,F,Boston  Massachusetts  US,247 Kunze Way,Taunton,Massachusetts,Bristol County,25005,02780,41.92160385767965,-71.0947491406927,18622.34,0.00,38068
b149bbe2-a604-d60b-ae87-22c88fe33bf6,1966-09-17,,999-95-2149,S99987511,X91020205X,Mrs.,Ruthann382,Hermine424,Fritsch593,,Feeney44,D,white,nonhispanic,F,West Tisbury  Massachusetts  US,675 Block Run Suite 84,Lawrence,Massachusetts,Essex County,25009,01841,42.75019540994276,-71.12659041099242,19577.54,0.00,48846
40e66c47-f6e8-c2e7-6be6-dbc4b4fabe8d,1946-06-29,,999-27-3818,S99996510,X55604012X,Mrs.,Carlota980,Pilar644,Adame662,,Verdugo724,D,white,hispanic,F,Caguas  Puerto Rico  PR,720 McCullough Avenue,Lawrence,Massachusetts,Essex County,25009,01843,42.72945575214989,-71.17711321925347,22972.10,1376.46,90106
0c1e1add-0fb2-9ad8-d9fb-22dd45ab41e3,1954-12-04,,999-62-7156,S99970126,X17544910X,Mrs.,Micah422,Tomoko463,Hilpert278,,Lebsack687,D,asian,nonhispanic,F,Hyderabad  Andhra Pradesh  IN,386 Bogisich Well Unit 3,Everett,Massachusetts,Middlesex County,25017,02148,42.4005429511292,-71.02174388787438,18061.26,1243.76,35382
b23188ac-9529-2450-e0b7-58adb2b38de6,1949-05-08,,999-56-3509,S99960994,X35183235X,Mrs.,Cathy455,,McDermott739,,Prohaska837,M,white,nonhispanic,F,Southborough  Massachusetts  US,924 Swift Path,West Springfield,Massachusetts,Hampden County,25013,01089,42.092754814713466,-72.67940031453888,23363.50,1399.64,45097
27f086db-83a1-15ce-2b44-0c6c29dbaf6a,1984-12-10,,999-21-2311,S99973355,X30987079X,Mr.,Marcellus830,,Crooks415,,,D,white,nonhispanic,M,Bridgewater  Massachusetts  US,521 Terry Rest,Billerica,Massachusetts,Middlesex County,,00000,42.56873306924834,-71.30785270390598,13170.80,0.00,156762
7ee37e08-323a-9da3-54a6-f9f98f704897,2001-08-04,,999-73-3926,S99921042,X52639189X,Mr.,Jimmie93,Michale231,Haag279,,,,white,nonhispanic,M,Framingham  Massachusetts  US,865 Erdman Flat,Boston,Massachusetts,Suffolk County,25025,02119,42.25649403299416,-71.14194857956656,13841.54,0.00,484516
1a4972ee-0166-fe57-b29d-5c39026f83b0,1983-06-15,,999-48-6275,S99983919,X94279970X,Mr.,Scotty190,Santiago500,Swaniawski813,,,D,asian,nonhispanic,M,Ho Chi Minh City  Gia Định  VN,378 Schmitt Corner Unit 27,Groton,Massachusetts,Middlesex County,25017,01450,42.62610510923631,-71.54056141456876,15197.98,0.00,55366
60b5cfed-26c3-727e-abc4-5becb36e3f75,1970-09-27,,999-96-2008,S99912237,X70322986X,Ms.,Gabriela205,Olivia294,Grijalva82,,,S,native,hispanic,F,Roseau  Saint George  DM,506 Ledner Promenade,Lynn,Massachusetts,Essex County,25009,01904,42.43727213578616,-71.00541539870267,15354.80,0.00,89243
110f43f1-8470-082d-3cb0-0951f5a68180,1972-01-15,,999-70-1345,S99948776,X89636176X,Mr.,Donnell534,,Grant908,,,D,white,nonhispanic,M,Wellesley  Massachusetts  US,968 Miller Run Apt 20,Somerville,Massachusetts,Middlesex County,25017,02144,42.350281230402054,-71.07957010143619,7350.00,11953.94,5321
976e3f24-1d50-efda-229a-1e6d1714f0cd,1965-01-22,,999-53-4027,S99957566,X96835628X,Mr.,Raymundo71,Sebastian508,Keebler762,,,M,white,nonhispanic,M,Framingham  Massachusetts  US,736 Wunsch Burg Suite 55,Boston,Massachusetts,Suffolk County,25025,02130,42.311021418952684,-71.16275742985204,21350.06,0.00,38346
fc35473b-5d19-5b79-2a70-68270e4c31ec,1999-07-27,,999-43-2743,S99953783,X91476171X,Ms.,Madlyn383,Sharda101,Rau926,,,,white,nonhispanic,F,Leominster  Massachusetts  US,474 Runolfsson Dale,Southampton,Massachusetts,Hampshire County,,00000,42.230967251213706,-72.71726271566676,13094.73,1292.41,116672
e95ac678-666f-e6f5-eb76-c0273233acb1,1960-09-22,,999-44-9063,S99962976,X98032801X,Mrs.,Reena181,Tamra871,Dietrich576,,Lowe577,D,white,nonhispanic,F,Boston  Massachusetts  US,541 Terry Street Unit 67,Medfield,Massachusetts,Norfolk County,25021,02052,42.18947467486522,-71.33671644802439,21447.34,175.80,93761
98cf5a0c-d567-51a1-9cb5-a91e6d011996,1967-11-17,,999-39-2632,S99981253,X85605162X,Mr.,Manuel446,,Alonzo487,,,D,white,hispanic,M,Santiago  Santiago Province  CL,373 Rodriguez Track Apt 26,Lowell,Massachusetts,Middlesex County,25017,01851,42.63011905885138,-71.32979662094797,19713.54,0.00,44931
307ab11f-ff8e-63d6-fb00-b97e91b2234e,1968-03-19,,999-10-8705,S99965660,X44346734X,Mrs.,Alexia646,Tori754,Heaney114,,Homenick806,D,white,nonhispanic,F,Wilmington  Massachusetts  US,888 Langworth Ville,Waltham,Massachusetts,Middlesex County,25017,02452,42.41329639475467,-71.19212669872115,20258.86,0.00,71910
3a86c2d6-afc7-14f7-8c05-7adc29c2aa19,2001-07-05,,999-67-8004,S99989876,X11072447X,Mr.,Antione404,Faustino767,Hagenes547,,,,white,nonhispanic,M,Oxford  Massachusetts  US,699 Wisozk Orchard,Fall River,Massachusetts,Bristol County,25005,02724,41.676859025127456,-71.14407505764183,3250.00,10052.80,11774
83bcce12-2bef-ed2e-08b3-d6d2696d0746,1987-09-13,,999-77-9467,S99940541,X67942696X,Ms.,Herminia75,Yessenia339,Rau926,,,S,white,nonhispanic,F,Everett  Massachusetts  US,959 Cruickshank Station Apt 69,Chesterfield,Massachusetts,Hampshire County,,00000,42.421378324390496,-72.86750724448886,14237.80,0.00,95134
ce07a24b-e938-5968-9ecb-78eb1783f5e7,1972-01-24,,999-65-9658,S99946722,X12046710X,Mr.,Andrea7,Wilmer32,Tillman293,,,D,white,nonhispanic,M,Plymouth  Massachusetts  US,149 Schmitt Meadow Suite 78,Ashburnham,Massachusetts,Worcester County,,00000,42.63744717203587,-71.92804574719618,18491.32,0.00,55121
b16e27ad-282d-4c8a-98b2-9475c0280a58,1993-05-25,,999-62-9267,S99993318,X00295655X,Mr.,Nicolas769,Duncan491,Gusikowski974,,,M,white,nonhispanic,M,North Andover  Massachusetts  US,643 Pollich Row,Gloucester,Massachusetts,Essex County,25009,01930,42.613236042742116,-70.69640386537773,4400.00,10534.34,15718
7bbaa47e-d029-bf4f-3237-ddd955c0a584,1949-10-05,,999-65-1628,S99984655,X77145818X,Mrs.,Mercedes82,Mercedes82,Aragón562,,Morales679,W,black,hispanic,F,Gaudalajara  Jalisco  MX,476 Cummings Orchard,Rockport,Massachusetts,Essex County,25009,01966,42.69010592014605,-70.57167624759684,8751.16,12738.38,15648
caf40a59-f13e-8109-8d3f-bda4f8e42309,1996-12-26,,999-23-3526,S99958124,X95450884X,Mr.,Tom274,Francesco636,Schumm995,,,M,white,nonhispanic,M,Malden  Massachusetts  US,1050 Wiza Walk Unit 63,Malden,Massachusetts,Middlesex County,25017,02148,42.46202452610723,-71.01890420210948,14796.46,0.00,160644
08e7b250-dc1d-5342-b5ee-241c8d9f67a4,1970-10-27,,999-70-9728,S99944265,X46813786X,Mrs.,Ena816,Bree992,Keebler762,,Olson653,M,white,nonhispanic,F,Revere  Massachusetts  US,925 Weimann Way,Rehoboth,Massachusetts,Bristol County,,00000,41.844979423219776,-71.28453753159287,17394.34,0.00,145751
844bbd88-7a86-edc8-a1c9-72c091cccfbd,1994-08-13,,999-58-4973,S99999889,X08095400X,Mr.,Lemuel304,Elijah719,Stoltenberg489,,,M,white,nonhispanic,M,Newton  Massachusetts  US,283 Satterfield Extension,Boston,Massachusetts,Suffolk County,25025,02115,42.32551785410421,-71.01298583177731,3850.00,9991.82,4579
6c8f0d25-5e38-ce5c-2add-8cb09ec415de,1971-11-16,,999-84-6269,S99914985,X24394015X,Ms.,Ester635,,Puga7,,,S,white,hispanic,F,Roseau  Saint George  DM,477 Goldner Gardens Unit 34,Gardner,Massachusetts,Worcester County,25027,01440,42.63778920421159,-71.99485264476246,17121.54,0.00,35914
35582248-d744-c65f-b55a-149b61b0f829,2004-04-20,,999-78-1943,S99963082,X01644999X,Mr.,Bryon392,,Nikolaus26,,,,white,nonhispanic,M,Adams  Massachusetts  US,281 Wisoky View,Westfield,Massachusetts,Hampden County,25013,01085,42.129516259555444,-72.74636921584394,9996.44,3844.30,29632
ad253694-9d2a-beee-ddfa-516a3f42af6c,1989-06-11,,999-48-9374,S99929390,X95425689X,Mr.,Emory494,Chong355,Kunze215,,,D,asian,nonhispanic,M,Macau  Macao Special Administrative Region of the People's Republic of China  CN,237 Kutch Track Unit 75,Boston,Massachusetts,Suffolk County,25025,02118,42.34797437283105,-71.0554124481701,13543.76,847.10,61420
4a95bdc7-c1f1-8a09-509a-cf6bef54fc75,1970-09-18,,999-43-2293,S99925087,X00257114X,Mr.,Irwin931,Rory188,Gleason633,,,S,asian,nonhispanic,M,Beverly  Massachusetts  US,1081 Schroeder Village,Braintree,Massachusetts,Norfolk County,25021,02184,42.18771949246548,-71.00674915599059,19701.18,0.00,42555
4baf953f-897a-3bf2-4bfd-1cb98984249c,1948-03-09,,999-16-5667,S99967947,X76546910X,Ms.,Christin490,,Morar593,,,S,white,nonhispanic,F,Salem  Massachusetts  US,1031 Goodwin Walk,Springfield,Massachusetts,Hampden County,25013,01199,42.15511251321068,-72.49243733453919,9170.00,14631.60,5376
4754dd83-8d78-e9cf-5b6e-43a263f4b15d,1992-05-02,,999-13-3563,S99961167,X76871387X,Mr.,Willie882,Warren653,Balistreri607,,,M,white,nonhispanic,M,Chelsea  Massachusetts  US,677 McLaughlin Flat Suite 59,Dartmouth,Massachusetts,Bristol County,,00000,41.58781830360672,-70.93455689503152,16025.54,0.00,38991
006232dd-9560-5c9a-1430-c5ceaacb45c3,1973-01-29,,999-52-2753,S99974950,X01290624X,Mr.,Travis723,Stewart672,Rolfson709,,,D,hawaiian,nonhispanic,M,Milton  Massachusetts  US,603 Robel Fort Apt 92,Hudson,Massachusetts,Middlesex County,25017,01749,42.412940181157204,-71.57403467583295,18894.34,0.00,99709
a428e85d-adbb-b923-cf59-56bb34f2841b,1992-09-12,,999-37-6539,S99921305,X79474587X,Mrs.,Carleen42,Venice604,Schamberger479,,Zboncak558,M,white,nonhispanic,F,Brookline  Massachusetts  US,869 Corwin View,Acton,Massachusetts,Middlesex County,,00000,42.43930292693767,-71.41689462330301,14413.48,657.66,462400
aee8bc70-2c23-21ed-0d03-cc3c5fc379bf,1966-11-03,,999-87-1027,S99940879,X69654520X,Mr.,Earl438,Maurice742,Boehm581,,,S,white,nonhispanic,M,Beverly  Massachusetts  US,394 Welch Mill,Brewster,Massachusetts,Barnstable County,25001,02631,41.69807069924473,-70.07527366266154,18486.34,0.00,90689
9589dfd6-09ea-113d-ca42-4f09df70f4a9,1975-01-25,,999-60-7970,S99968807,X12813687X,Mr.,Brian582,Quinn173,Shanahan202,,,D,white,nonhispanic,M,Blackstone  Massachusetts  US,1081 Howell Bypass Unit 72,Lawrence,Massachusetts,Essex County,25009,01843,42.69375194190729,-71.14748098084483,14671.60,0.00,49151
86919c2e-6fcc-4756-2a76-c0e31e732109,1958-08-22,,999-46-5730,S99914323,X00094358X,Mr.,Orval846,,Medhurst46,,,M,white,nonhispanic,M,Holliston  Massachusetts  US,897 Bechtelar Way,Randolph,Massachusetts,Norfolk County,25021,02368,42.21194635388419,-71.0746154465087,20721.30,356.24,35491
957c697d-551f-c277-6a63-83494d857671,1967-03-11,,999-81-1946,S99998881,X40549268X,Mrs.,Willetta882,Dione665,Ritchie586,,Hagenes547,W,white,nonhispanic,F,Mendon  Massachusetts  US,459 Howell Forge,Lynn,Massachusetts,Essex County,25009,01904,42.453282762748835,-70.97318533218909,19713.54,0.00,78111
cf2beebb-f66f-7684-6099-312cbb96dbc6,1976-12-08,,999-43-9017,S99983482,X85286503X,Mr.,Edwin773,Terrell212,Howe413,,,M,white,nonhispanic,M,Newton  Massachusetts  US,1049 Cassin Heights,Newton,Massachusetts,Middlesex County,25017,02472,42.384731026491934,-71.21938904826021,18336.38,0.00,104753
91592d7b-43f9-b288-0255-e44789759a0a,1988-11-01,,999-35-4553,S99953318,X37342545X,Mrs.,Alexia646,,Stiedemann542,,Sanford861,M,white,nonhispanic,F,Middleborough  Massachusetts  US,707 Oberbrunner Loaf Suite 74,West Concord,Massachusetts,Middlesex County,,00000,42.44270557745021,-71.35362250952767,15891.94,0.00,155587
6478228d-1f08-7648-ed95-baea6b99fbd8,1965-05-23,,999-72-8199,S99968882,X50933025X,Mrs.,Debroah867,Lizabeth515,Orn563,,Flatley871,M,white,nonhispanic,F,Bliss Corner  Massachusetts  US,1021 Will Bypass Unit 37,Winchester,Massachusetts,Middlesex County,25017,01890,42.4219268640588,-71.1577369337666,20480.52,188.22,987166
ded16dae-9c87-49c1-ca28-6431e75accdb,1994-09-21,,999-21-8191,S99957183,X16493356X,Mrs.,Clarine378,Julissa825,Volkman526,,Rogahn59,M,white,nonhispanic,F,Hanson  Massachusetts  US,516 Senger Union,Arlington,Massachusetts,Middlesex County,25017,02474,42.3940449253858,-71.20058231077101,15887.14,0.00,39831
98963f73-8377-42bb-0328-9eed0508c96b,1957-07-02,,999-30-5418,S99980325,X69932530X,Mr.,Josh874,Antwan357,Veum823,JD,,M,white,nonhispanic,M,Fall River  Massachusetts  US,159 Kertzmann Vale Apt 44,Lowell,Massachusetts,Middlesex County,25017,01850,42.66998858493816,-71.32359411142959,18198.00,431.20,100626
ef06da40-feb8-0eb8-1232-89501a9d3de8,1978-05-03,,999-99-9694,S99966956,X78106221X,Mr.,Jerold208,Vicente970,Kihn564,,,M,white,nonhispanic,M,Wilbraham  Massachusetts  US,923 Harris Promenade,Cheshire,Massachusetts,Berkshire County,25003,01225,42.53985380028693,-73.19048260639843,17090.68,302.06,55571
201401e6-8466-af54-d088-a97628e4b651,2000-04-07,,999-14-9493,S99975743,X38672743X,Ms.,Tricia672,Myong12,Will178,,,,white,nonhispanic,F,Lawrence  Massachusetts  US,704 Pouros Underpass Apt 62,Malden,Massachusetts,Middlesex County,25017,02148,42.422502408654076,-71.0633241355128,13705.54,0.00,38158
d1bb5af6-de1a-d0de-71e6-2aa79001e49c,2005-07-19,,999-65-2654,S99913549,X53832722X,Ms.,Brandy18,Lonnie913,Lueilwitz711,,,,white,nonhispanic,F,Franklin  Massachusetts  US,303 Jacobi Mews Unit 0,Hadley,Massachusetts,Hampshire County,,00000,42.37201437376176,-72.6022713585819,2650.00,10645.94,22763
97ae5dbb-a296-7c39-5b48-7563d72d1d1e,1962-06-27,,999-11-1141,S99935454,X57444079X,Mr.,Mary779,Hugo693,Deckow585,,,D,white,nonhispanic,M,Brewster  Massachusetts  US,859 White Dale Unit 26,Maynard,Massachusetts,Middlesex County,25017,01754,42.452474504404876,-71.41032511292451,21487.14,0.00,59789
647d9aab-c629-7f22-8d09-1ce8ac29a58d,1975-08-19,,999-52-2140,S99951669,X21805708X,Mrs.,Ozell178,Josie226,Rempel203,,Gerlach374,M,hawaiian,nonhispanic,F,Canton  Massachusetts  US,446 Buckridge Ranch Unit 85,Tewksbury,Massachusetts,Middlesex County,,00000,42.649064860058324,-71.2692242710724,18620.46,0.00,63788
5cd3af8d-6c5b-a875-3b26-7b749efd03ac,1954-09-20,,999-54-4309,S99933500,X49762286X,Mr.,Weldon459,Mary779,Hermann103,,,M,white,nonhispanic,M,North Falmouth  Massachusetts  US,362 Grady Flat Unit 15,Quincy,Massachusetts,Norfolk County,25021,02169,42.30266856668092,-70.9899399284771,20960.14,1208.60,47077
5eb3f6b9-af98-50fc-da1f-951eede3bd47,1977-04-29,,999-39-8174,S99973770,X72092175X,Mr.,Marlin805,Abraham100,Bechtelar572,,,S,white,hispanic,M,Beverly  Massachusetts  US,259 MacGyver Rapid,Lawrence,Massachusetts,Essex County,25009,01840,42.66006387090597,-71.15444752479928,17939.14,0.00,105619
c5b15af9-82ac-a6b8-94f0-b483d51a2d74,2002-09-20,,999-34-7757,S99920814,X39326583X,Ms.,Sarita454,Minnie888,Emard19,,,,white,nonhispanic,F,Boston  Massachusetts  US,646 Simonis Crossing,Bridgewater,Massachusetts,Plymouth County,25023,02324,42.01376346132461,-71.0137390087408,3100.00,10740.74,10070
078df27f-f693-a4cf-9f23-872b9e3ab3d2,1941-06-22,,999-80-6574,S99958330,X74046612X,Ms.,Esperanza675,Lorena247,Pabón228,,,S,white,hispanic,F,Caracas  Capital District  VE,184 Swaniawski Burg,Boston,Massachusetts,Suffolk County,25025,02132,42.33343200458494,-71.10972643603657,24001.90,1854.04,40040
dae29fb9-a071-4047-f64c-e1fe19316641,1966-02-28,,999-81-4956,S99934874,X05291579X,Mrs.,Babara869,Isadora719,Heaney114,,Conn188,M,white,nonhispanic,F,Maynard  Massachusetts  US,195 Feil Grove Apt 18,North Westport,Massachusetts,Bristol County,,00000,41.717680257649945,-71.06199969867225,16446.80,0.00,105567
a7961095-2107-2800-8993-a93dd0a91d95,1978-10-22,,999-24-6528,S99947191,X55035132X,Mr.,Humberto482,Lewis216,Hermiston71,,,S,white,nonhispanic,M,Amesbury  Massachusetts  US,1077 Hyatt Skyway,Lynn,Massachusetts,Essex County,25009,01902,42.46956035189191,-71.01189672926934,18471.58,0.00,79403
5640de8f-defe-9172-1a18-7a7d394564fc,1969-05-03,,999-38-3466,S99978948,X08485801X,Mr.,Jacques50,Sidney996,Kessler503,,,D,white,nonhispanic,M,Abington  Massachusetts  US,782 Howe Dale,Winchendon,Massachusetts,Worcester County,25027,01475,42.68321150420132,-72.07607716440911,7100.00,11243.76,15136
fbcb1e62-c71b-be93-a19f-ab773dff8219,2003-04-14,,999-63-7195,S99929691,X87485476X,Ms.,Adena533,Annabelle638,Block661,,,,white,nonhispanic,F,Sharon  Massachusetts  US,108 Gottlieb Loaf,Braintree,Massachusetts,Norfolk County,25021,02184,42.210281455319986,-71.03563500036061,13020.04,950.64,56162
0d23f26d-34ff-f49a-53c8-907986ea04fa,1988-06-26,,999-61-9865,S99922752,X19525999X,Ms.,Rosalia943,,Kuvalis369,,,S,white,nonhispanic,F,Amherst  Massachusetts  US,853 Cummerata Plaza Suite 93,Pepperell,Massachusetts,Middlesex County,25017,01463,42.6488708401821,-71.63096870909375,13158.16,0.00,258361
1c52f358-e04b-774f-ff7a-fb454bafdd51,1963-05-23,,999-60-6521,S99984370,X78883882X,Mrs.,Yer774,Sandie760,Gaylord332,,Pagac496,D,asian,nonhispanic,F,Macau  Macao Special Administrative Region of the People's Republic of China  CN,603 Beer Approach Suite 41,Sudbury,Massachusetts,Middlesex County,,00000,42.433071002302356,-71.38252696514743,20804.74,0.00,76002
8b39d546-3e1e-ef33-faa9-061dd7d8dc62,1982-09-28,,999-86-5102,S99910371,X44504078X,Mrs.,Lupe126,Claris36,Hickle134,,Feest103,M,white,nonhispanic,F,Stoughton  Massachusetts  US,673 Goyette Branch Suite 4,Longmeadow,Massachusetts,Hampden County,25013,01106,42.07488923127588,-72.551382836107,6050.00,11886.74,15510
7f116ec2-58eb-a0d4-2682-7a0738b20b35,1964-06-06,,999-77-6195,S99931723,X18902708X,Mrs.,Ima629,,Walsh511,,Zemlak964,M,black,nonhispanic,F,Bridgewater  Massachusetts  US,675 Feil Manor Suite 41,Plymouth,Massachusetts,Plymouth County,25023,02360,41.923464794959834,-70.60386170517206,21077.26,0.00,973955
0afc0e1f-71ef-2925-5991-9746ac2b39c7,1978-01-09,,999-94-1822,S99990180,X61023724X,Mr.,Lyndon118,Leroy603,Kiehn525,,,M,white,nonhispanic,M,Weymouth  Massachusetts  US,888 Conn Brook,Plymouth,Massachusetts,Plymouth County,25023,02360,41.86106848376437,-70.65433409948628,18472.10,0.00,67810
7a332fdd-37fc-ce44-c3ef-52d738ff0793,1991-12-10,,999-93-3655,S99973201,X46693336X,Mr.,Drew592,,Gislason620,,,S,white,nonhispanic,M,Wilmington  Massachusetts  US,1082 Hane Orchard,Worcester,Massachusetts,Worcester County,25027,01606,42.25137919682625,-71.81459784966123,4250.00,9729.94,5695
61adca65-7bfe-93d6-9149-068a3e2ccafb,1984-02-26,,999-92-7889,S99938034,X51563971X,Mr.,Cyrus914,,Dietrich576,,,M,asian,nonhispanic,M,Taunton  Massachusetts  US,840 Feeney Gate,Lexington,Massachusetts,Middlesex County,25017,02420,42.395712855466726,-71.21866927026733,15470.78,0.00,153669
64bbde2d-ac62-7a8a-6c73-22aea4ea3132,2003-01-03,,999-37-1795,S99995370,X22438749X,Ms.,Luz785,Cassaundra447,Weber641,,,,black,nonhispanic,F,Woburn  Massachusetts  US,548 Hills Throughway Unit 34,Wilmington,Massachusetts,Middlesex County,25017,01887,42.567538909732164,-71.12116518005621,12802.80,1310.46,181604
e9de4431-5532-6bbd-73fe-c50596f7a834,1960-07-20,,999-15-6822,S99927104,X05493808X,Mrs.,Eddie505,Jeana169,Gerhold939,,Roberts511,D,black,nonhispanic,F,Bridgewater  Massachusetts  US,991 Mann Knoll Unit 73,Boston,Massachusetts,Suffolk County,25025,02152,42.32791757558276,-71.11208736997207,17871.94,3887.20,25119
9b8aa92d-b861-91bb-6565-486a566f2324,1958-03-01,,999-64-1346,S99944963,X95748113X,Mrs.,Benita195,Bianca274,Heidenreich818,,Kohler843,M,white,nonhispanic,F,Boston  Massachusetts  US,703 Gaylord Extension Suite 64,Worcester,Massachusetts,Worcester County,25027,01583,42.26746193109628,-71.74243736183598,18341.96,423.24,71046
a95e4b47-e6b0-2cab-c958-78e5919763b6,1989-03-23,,999-38-5629,S99970906,X82353921X,Mr.,Emmanuel930,Salvatore257,Sporer811,,,M,white,hispanic,M,Bolton  Massachusetts  US,587 Prosacco Harbor Apt 42,Boston,Massachusetts,Suffolk County,25025,02108,42.387412798193864,-71.06907778017094,12502.45,667.55,634059
91021a1c-d2cc-0636-eb4b-67caa02e8e5f,1960-10-28,,999-97-5259,S99972206,X41165588X,Mr.,Marcus77,,Moore224,,,M,asian,nonhispanic,M,Lynnfield  Massachusetts  US,504 O'Reilly Gateway,Brookline,Massachusetts,Norfolk County,25021,02445,42.38340963358826,-71.09344839685626,7800.00,12186.34,9688
167bb4aa-e5c5-6ffe-7394-e0cc022ddcc5,1993-12-24,,999-72-3141,S99927628,X04912074X,Mr.,Carey440,Chadwick722,Cremin516,,,M,white,nonhispanic,M,Melrose  Massachusetts  US,992 Larkin Trafficway,Everett,Massachusetts,Middlesex County,25017,02148,42.410660866866436,-71.01864977949083,12715.36,2485.20,30236
af208568-907e-6bda-325c-01bda825af1c,1952-06-07,,999-35-1719,S99936850,X04979712X,Mrs.,Eula461,Collette420,Beatty507,,Lakin515,W,white,nonhispanic,F,Lawrence  Massachusetts  US,1074 Kuhic Rapid Apt 49,Bourne,Massachusetts,Barnstable County,25001,02532,41.80173717182512,-70.58500133436132,8220.00,13540.74,10225
dcfbedee-46c2-9331-c379-6943be733642,1978-04-24,,999-12-6757,S99961138,X83921688X,Mr.,Teodoro374,José Luis472,Esquivel546,,,M,white,hispanic,M,Havana  Havana  CU,388 Marquardt Plaza,Cambridge,Massachusetts,Middlesex County,25017,02141,42.37618990187675,-71.11201675898668,16301.54,0.00,41670
84167da1-5b13-2d3d-9205-3b9f875afe89,1995-04-04,,999-63-8399,S99984570,X06450405X,Mr.,Patricio639,Santiago500,Rael318,,,M,black,hispanic,M,Roseau  Saint George  DM,876 Sawayn Dam,Revere,Massachusetts,Suffolk County,25025,02151,42.42657688490142,-70.98914895801292,15478.34,0.00,45801
74b884c6-cf44-89f7-c0fa-e4e07d98df7d,1966-04-27,,999-87-1989,S99989315,X72885905X,Mrs.,Jesenia223,Michell380,Lehner980,,Quitzon246,D,white,nonhispanic,F,Brookline  Massachusetts  US,635 Keebler Row Suite 82,Bourne,Massachusetts,Barnstable County,25001,02532,41.746161371130654,-70.5665940422111,8550.00,12527.54,10823
b73186a5-cdcf-1c96-a84e-a56a2bba3e99,2005-07-31,,999-74-7944,S99927008,X30226826X,Mr.,Donny470,Berry486,Cremin516,,,,white,nonhispanic,M,Beverly  Massachusetts  US,233 Jaskolski Rue Apt 55,Greenfield,Massachusetts,Franklin County,25011,01301,42.621088981565435,-72.56338061540171,2500.00,10238.78,11498
e726fa26-0af8-1b20-5ad1-c62aade8708d,1955-01-17,,999-71-1020,S99949386,X88295205X,Mr.,Lucien408,,Senger904,,,M,white,nonhispanic,M,Wakefield  Massachusetts  US,776 Fritsch Avenue,Mansfield,Massachusetts,Bristol County,,00000,42.04032742365487,-71.23971520007656,22882.34,1060.00,176754
b165e716-3b46-4742-fe88-120b9a72acc9,1994-01-08,,999-27-1044,S99961407,X86427979X,Mrs.,Michaela318,Basilia559,Yundt842,,Koch169,M,white,nonhispanic,F,Bridgewater  Massachusetts  US,292 Fritsch Manor,Ayer,Massachusetts,Middlesex County,25017,01432,42.604728101210874,-71.57607436448275,15206.34,0.00,122862
3380c328-ab9a-4be9-ef72-326d684e4775,1998-12-14,,999-52-3696,S99975016,X54002369X,Mr.,Ricky354,,Lakin515,,,,white,nonhispanic,M,Weston  Massachusetts  US,1034 Pfeffer Haven Suite 73,Marlborough,Massachusetts,Middlesex County,25017,01752,42.314630029032095,-71.53180101200711,13302.80,0.00,184138
1da91166-2ffc-b21e-9bb7-b8575bed93c8,1963-02-17,,999-51-7723,S99913283,X17268438X,Mr.,Weston546,,Cummings51,,,S,white,nonhispanic,M,Waltham  Massachusetts  US,868 Orn Village,Easthampton,Massachusetts,Hampshire County,25015,01027,42.284447585663365,-72.6840195270673,18895.14,0.00,43485
8279178d-e14b-b9ba-4bd6-0f2cf933b5d2,1936-01-17,,999-38-1905,S99916877,X41502088X,Ms.,Davina555,Danelle47,Conn188,,,S,other,nonhispanic,F,Boston  Massachusetts  US,509 Stehr Path,Townsend,Massachusetts,Middlesex County,25017,01469,42.6404015893778,-71.67199076196084,25457.74,1901.12,104935
aef7801a-8203-6a76-a069-c73f94d3837a,2005-04-23,,999-21-8703,S99937622,X65988666X,Mr.,Alan320,Willis868,Doyle959,,,,white,nonhispanic,M,Billerica  Massachusetts  US,320 Jaskolski Bypass,New Bedford,Massachusetts,Bristol County,25005,02748,41.696515207217075,-70.97955672998579,2800.00,10768.46,6088
1dbb340b-5ed7-d4cb-54d8-2315a6f592ae,1985-02-06,,999-38-1086,S99975289,X00121707X,Mr.,Omar359,Cyrus914,Weber641,,,M,white,nonhispanic,M,Cambridge  Massachusetts  US,796 Hayes Village Unit 4,Lawrence,Massachusetts,Essex County,25009,01843,42.66913116743791,-71.14667553485988,14663.94,0.00,77459
0630bed8-c3bd-b0ea-6777-3be822f0b24a,1985-01-12,,999-95-5317,S99920130,X19950564X,Mrs.,Kimber624,,Carter549,,Bogisich202,M,white,nonhispanic,F,Rockport  Massachusetts  US,635 Emmerich Corner Apt 70,Tyngsborough,Massachusetts,Middlesex County,,00000,42.693056178932515,-71.44282471139617,14437.30,766.46,194697
b9d1dc56-b480-153f-fbca-10402c469860,1993-10-07,,999-60-8751,S99933404,X95835809X,Mrs.,Stefany238,Fredda152,Thompson596,,Hansen121,M,white,nonhispanic,F,Medford  Massachusetts  US,115 Walsh Drive,Medford,Massachusetts,Middlesex County,25017,02155,42.40876108574749,-71.06571420570901,14524.74,0.00,138269
808abf74-167e-3855-d6cf-05d4cf6b1ecc,1971-06-22,,999-55-5521,S99982472,X22711534X,Mr.,Royal919,Benjamin360,Bosco882,,,S,white,nonhispanic,M,Somerville  Massachusetts  US,725 Stiedemann Mission,Yarmouth,Massachusetts,Barnstable County,,00000,41.66340469774107,-70.21471371361518,15354.80,0.00,123979
e4cb0e77-78b4-eb53-8b2f-60fb85d9610f,1985-03-19,,999-65-8487,S99982586,X23386049X,Mr.,Irving123,,Lockman863,,,M,white,nonhispanic,M,Weston  Massachusetts  US,364 Walker Vale Suite 95,Blackstone,Massachusetts,Worcester County,,00000,42.00582746672097,-71.51523913000817,13846.34,0.00,155847
29207612-5227-95c3-cdcd-d7085b8e28e1,1993-03-16,,999-34-4680,S99983988,X82939263X,Ms.,Maricarmen445,Cecilia788,Negrete68,,,S,white,hispanic,F,Santiago de los Caballeros  Santiago  DO,333 Herman Rue,Boston,Massachusetts,Suffolk County,25025,02215,42.26355079427964,-71.13352583768192,15758.52,0.00,141795
9050e158-3a76-5ff9-e008-1639a626faa8,1970-06-17,,999-72-2298,S99930701,X41187806X,Ms.,Mee229,Edward499,Towne435,,,S,white,nonhispanic,F,Lowell  Massachusetts  US,566 Anderson Camp,Springfield,Massachusetts,Hampden County,25013,01107,42.110657404806915,-72.45480957557014,7550.00,12026.74,23180
06d3d9e3-50fa-cc24-bfd6-2a79b0f7f674,1949-05-13,,999-71-1210,S99912445,X18736812X,Mr.,Ed239,Kenny207,O'Kon634,,,S,white,nonhispanic,M,New Bedford  Massachusetts  US,227 Homenick Rue,Boston,Massachusetts,Suffolk County,25025,02163,42.29999118661779,-71.04155791372314,22517.46,1154.20,47006
feeae14a-d243-b319-e011-7ea0b6fb7e40,1971-09-10,,999-59-9542,S99932669,X68062075X,Mrs.,Fallon874,,Murazik203,,Pfannerstill264,W,white,nonhispanic,F,North Andover  Massachusetts  US,833 Balistreri Row Apt 63,Easton,Massachusetts,Bristol County,,00000,42.03912651804144,-71.09864990915864,7100.00,11101.18,2129
66e05110-c1ad-d649-cd9c-76b375f9e45a,2004-12-13,,999-12-8266,S99913781,X77376620X,Mr.,Leonel449,Son314,McDermott739,,,,black,nonhispanic,M,Toulouse  Occitanie  FR,105 Brekke Camp Suite 65,Boston,Massachusetts,Suffolk County,25025,02116,42.27576817101244,-71.02256461412304,2700.00,10304.72,3970
5de58a5c-9c2b-77ad-91f0-1defaab15a81,1991-08-13,,999-64-3925,S99981481,X80400034X,Mrs.,Elenora790,Lauryn321,Block661,,Grady603,M,white,nonhispanic,F,Ipswich  Massachusetts  US,395 Altenwerth Rapid Unit 54,Billerica,Massachusetts,Middlesex County,,00000,42.56503161905172,-71.29879425894659,14196.38,454.40,75278
712ba2d9-0a09-c072-f18a-dfcb62699780,1958-03-24,,999-18-9904,S99955327,X42980046X,Mr.,Salvador46,,Rosenbaum794,,,M,white,nonhispanic,M,Dedham  Massachusetts  US,490 Lehner Road,Falmouth,Massachusetts,Barnstable County,25001,02540,41.60055250256339,-70.67172670455994,22731.74,391.40,181387
1d349a07-8618-0e25-09c6-75aad3cc1d3d,1973-12-31,,999-63-3664,S99971482,X62220438X,Mr.,Fabian647,Hayden835,Torp761,PhD,,M,white,nonhispanic,M,Lawrence  Massachusetts  US,627 Ondricka Overpass Apt 57,Arlington,Massachusetts,Middlesex County,25017,02474,42.42261055993359,-71.19926416285446,17108.90,0.00,42898
d8975e42-d438-5521-8223-22de2d4546e6,1967-11-25,,999-54-8822,S99913106,X89950733X,Mrs.,Beckie79,,Waelchi213,,West559,M,asian,nonhispanic,F,Townsend  Massachusetts  US,818 Harvey Flat Suite 13,Boston,Massachusetts,Suffolk County,25025,02130,42.35647465604824,-71.04773103795107,8000.00,12395.14,5309
b642dfbb-3505-98b4-f431-7c8cf417a01c,1990-06-07,,999-51-7050,S99936856,X57373339X,Mr.,Nestor901,Ernest565,Tillman293,,,M,white,nonhispanic,M,Methuen  Massachusetts  US,301 Kreiger Trafficway Suite 71,Fairhaven,Massachusetts,Bristol County,,00000,41.597768601103645,-70.90686400038746,4550.00,9841.14,17740
618e2996-aeae-8ac8-fa6c-349efd15daf7,2002-11-16,,999-10-7547,S99998889,X34828347X,Mr.,Trey250,Erasmo545,Rolfson709,,,,white,nonhispanic,M,West Bridgewater  Massachusetts  US,918 Parker Avenue,Southampton,Massachusetts,Hampshire County,,00000,42.179276457127145,-72.78252453635461,14249.54,0.00,50364
1f9bb4e6-b7cc-80d9-c2a8-c98378fed3e8,1971-08-08,,999-42-1473,S99914564,X70992562X,Mrs.,Chere867,Sharonda198,Reinger292,,Rohan584,M,white,nonhispanic,F,Edgartown  Massachusetts  US,845 Breitenberg Glen,Wilmington,Massachusetts,Middlesex County,25017,01887,42.60281491374927,-71.1809530489666,17382.50,0.00,138569
49da4a61-a2fa-2125-1619-9a644f5123e9,1998-02-10,,999-98-1266,S99984454,X40507490X,Mr.,Malik994,Perry780,Shields502,,,M,white,nonhispanic,M,Stoughton  Massachusetts  US,413 Kuhic Estate,Boston,Massachusetts,Suffolk County,25025,02124,42.29897605561198,-71.08205786575499,14374.78,0.00,946773
1050573a-e41d-d125-1268-6b8b4889a6b8,1982-01-11,,999-61-2683,S99939846,X95677550X,Mr.,Hayden835,Marcelino726,Pouros728,,,S,asian,nonhispanic,M,Southbridge  Massachusetts  US,734 Runte Trafficway Suite 77,Holyoke,Massachusetts,Hampden County,25013,01040,42.20179387670877,-72.66507248388564,14658.16,0.00,127186
6509de6a-e3d5-d48f-61f9-a6b9c5354c9d,2005-01-04,,999-17-9149,S99925319,X19484468X,Ms.,Aiko748,Fae378,Kunze215,,,,white,nonhispanic,F,Ware  Massachusetts  US,351 Hansen Tunnel,Adams,Massachusetts,Berkshire County,25003,01220,42.59529840178007,-73.07660473441385,13159.94,0.00,42000
4e2356e0-9b05-c644-ee94-36b0a383569b,1969-04-28,,999-12-5094,S99938229,X01094882X,Mr.,Erich201,Jimmy858,Quigley282,,,M,black,nonhispanic,M,Sudbury  Massachusetts  US,102 Donnelly Lane,Duxbury,Massachusetts,Plymouth County,25023,02332,42.08681852143392,-70.65673648387217,18076.74,0.00,75043
4a2973d2-20a4-f8ad-6daa-24ac634288ac,1994-05-18,,999-86-8240,S99926220,X43263429X,Mrs.,Emmie273,,Witting912,,Pfeffer420,M,white,nonhispanic,F,Malden  Massachusetts  US,462 Hudson Park,Waltham,Massachusetts,Middlesex County,25017,02452,42.445738672336205,-71.20900752759103,15069.26,0.00,92102
23b2748f-f947-ab16-a59c-ec27c3dc2b88,1963-12-21,,999-75-8867,S99992067,X93115393X,Mr.,Alan320,Mohamed943,McKenzie376,,,M,white,nonhispanic,M,Shrewsbury  Massachusetts  US,927 Ortiz Approach Apt 46,Belmont,Massachusetts,Middlesex County,25017,02138,42.42876947594868,-71.2281555465209,22138.68,302.06,789989
92fb0e68-2998-4a3c-056d-ed2d827e1cf1,1920-09-15,,999-11-6711,S99999348,X94304247X,Mrs.,Renita685,Ruthe70,Braun514,,Lesch175,D,white,nonhispanic,F,Whitinsville  Massachusetts  US,639 Jakubowski Corner,Arlington,Massachusetts,Middlesex County,25017,02476,42.41849928763665,-71.20311974638066,8455.52,18091.62,11123
4a963989-0d8e-f954-2480-88a3908b0581,1974-07-02,,999-56-6502,S99992216,X01133119X,Mr.,Luciano237,Jermaine675,Bogisich202,JD,,S,hawaiian,nonhispanic,M,Boston  Massachusetts  US,1007 Leuschke Crossing Suite 52,Attleboro,Massachusetts,Bristol County,25005,02703,41.96077779796689,-71.30102327669458,17802.34,0.00,58879
132c9d5f-b75d-6374-6883-32cbe92c9679,1978-11-06,,999-41-1832,S99945010,X78196647X,Mr.,Jason347,Demetrius568,Senger904,,,M,white,nonhispanic,M,Bellingham  Massachusetts  US,117 Hodkiewicz Trace,Bedford,Massachusetts,Middlesex County,25017,01730,42.50317774970466,-71.25658152443287,17938.34,0.00,67371
645b3de1-e897-64dd-ef8d-f187dc9d6835,1989-12-08,,999-73-2451,S99964108,X37081282X,Mrs.,Hildegard72,Cindy893,Gerlach374,,Pfeffer420,M,white,nonhispanic,F,Monson  Massachusetts  US,731 Schinner Ville Unit 1,Ashland,Massachusetts,Middlesex County,,00000,42.29346115226786,-71.50250549761545,16572.46,0.00,40205
e921b70d-c5cf-33ca-298f-901ebac11dde,2005-06-23,,999-51-4978,S99911620,X69480769X,Ms.,Deadra347,Rosalyn434,Tillman293,,,,white,nonhispanic,F,Taunton  Massachusetts  US,202 Parisian Glen Suite 25,Oxford,Massachusetts,Worcester County,25027,01540,42.10455137462324,-71.81397593466525,13425.88,0.00,42585
e74027b2-002c-a648-5042-b9fc4f9f80e5,2005-08-03,,999-75-4034,S99980781,X16051532X,Ms.,Lettie611,Rebecca981,Rath779,,,,black,nonhispanic,F,Bolton  Massachusetts  US,458 Aufderhar Road,Chelsea,Massachusetts,Suffolk County,25025,02150,42.38942210852904,-71.0201427080158,12666.84,629.10,113424
ae772ea8-dec6-5f68-b398-2cd2f1ecd97c,1976-09-09,,999-18-5951,S99967572,X90346149X,Mrs.,Debi992,Jaclyn627,Sipes176,,Predovic534,M,white,nonhispanic,F,Winthrop  Massachusetts  US,1095 Shanahan Quay Unit 40,Plainville,Massachusetts,Norfolk County,,00000,41.99733291854643,-71.30653173369626,16302.34,0.00,55442
a91dacf0-75bd-e129-4d7f-b757cfc7a12c,1978-10-19,,999-71-4676,S99934471,X58815925X,Mrs.,Neta452,,Johnson679,,Pacocha935,D,white,nonhispanic,F,Holden  Massachusetts  US,605 Moore Promenade,Haverhill,Massachusetts,Essex County,25009,01835,42.77488346820356,-71.14136720030223,16028.46,0.00,151865
f03f6894-54d8-6ab4-1022-284bd87ff7da,1944-01-02,,999-30-1897,S99942053,X05110759X,Mrs.,Mandy775,,Stiedemann542,,Kihn564,M,white,nonhispanic,F,Bedford  Massachusetts  US,776 Spencer Course Suite 26,West Falmouth,Massachusetts,Barnstable County,25001,02574,41.552427597870896,-70.60130741936075,19749.16,1747.24,394952
d9aee469-b9ff-1fc4-2b28-322430471486,1963-09-08,,999-76-6228,S99946405,X36626375X,Mr.,Rene434,Alec433,Turcotte120,,,D,white,nonhispanic,M,Palmer  Massachusetts  US,573 Stoltenberg Haven Unit 94,Springfield,Massachusetts,Hampden County,25013,01020,42.088288371086016,-72.58563365360767,21207.76,0.00,107301
0c315089-c68e-98c7-df00-4bccbe4920d7,1985-05-21,,999-49-1690,S99982173,X61268462X,Ms.,Creola518,Ariane992,Bruen238,,,S,asian,nonhispanic,F,Kingston  Massachusetts  US,291 Ferry Harbor Suite 33,Woburn,Massachusetts,Middlesex County,25017,01801,42.415732641931996,-71.17369118566376,14144.44,520.30,92247
d9896ece-8362-1da9-0377-0d04938a91b0,1928-01-31,,999-12-8859,S99938955,X44853686X,Mrs.,Renata373,Jeannette562,Lind531,,Hessel84,W,white,nonhispanic,F,Mashpee  Massachusetts  US,685 Leannon Lane,Boylston,Massachusetts,Worcester County,,00000,42.39437551139961,-71.72564590763308,22636.26,2406.60,837802
de6bbe4a-c68e-6c8e-a2ab-8d3d37074f3f,1996-06-20,,999-81-1347,S99934973,X96408901X,Mr.,Keven605,Waldo53,Sauer652,,,M,white,nonhispanic,M,Quincy  Massachusetts  US,845 McDermott Skyway,Somerville,Massachusetts,Middlesex County,25017,02144,42.4003303672097,-71.04084719337713,7410.34,7113.60,25065
0e4a39dc-3819-8d0c-bc32-ca331074db53,1977-12-21,,999-89-5037,S99979221,X53190290X,Mr.,Tyler508,Harley673,Ward668,,,D,white,nonhispanic,M,Winchester  Massachusetts  US,533 Gislason Mission,Fairhaven,Massachusetts,Bristol County,,00000,41.59936990235456,-70.86736038089029,14126.00,0.00,134891
253f603b-b2e7-5730-14ba-e5da5392dc93,1952-01-23,,999-82-4721,S99979413,X69974966X,Mr.,Lacy523,Vincent299,Bechtelar572,,,M,white,nonhispanic,M,Bourne  Massachusetts  US,769 Ziemann Rapid Apt 61,Foxborough,Massachusetts,Norfolk County,25021,02035,42.03337495985545,-71.27871923470481,23454.10,1307.44,41102
212e4420-9320-6b35-8970-9e6eac73cc21,2005-05-11,,999-67-5975,S99955447,X52565223X,Ms.,Delena885,Mitsuko474,Runte676,,,,white,nonhispanic,F,Merrimac  Massachusetts  US,478 Emmerich Wall Unit 28,Boston,Massachusetts,Suffolk County,25025,02114,42.317124222223256,-71.17103431054035,12757.20,0.00,49212
d70d7fad-3fe4-5c42-d29b-479fa940b61c,1996-12-30,,999-80-1756,S99925343,X84934344X,Mr.,Wade235,Rey54,Deckow585,,,M,white,nonhispanic,M,Andover  Massachusetts  US,489 Prohaska Crossing Unit 31,Groton,Massachusetts,Middlesex County,25017,01450,42.64848409191377,-71.60093379953838,15341.54,0.00,249204
88a6e1de-49e8-0df0-fad8-8ba77fd5539b,2004-11-15,,999-12-5195,S99927863,X78907023X,Ms.,Madaline59,Kera17,Bruen238,,,,white,nonhispanic,F,Somerville  Massachusetts  US,931 Moore Flat Apt 57,Amherst,Massachusetts,Hampshire County,,00000,42.372397475008256,-72.55328294055235,13266.15,847.11,63679
6dd65dfb-896e-eda7-8d46-f76df9b6b78b,1992-04-17,,999-52-3870,S99985393,X96288216X,Mr.,Antwan357,Tobias236,Gerlach374,,,M,asian,nonhispanic,M,Milford  Massachusetts  US,244 Mayer Vale,Bedford,Massachusetts,Middlesex County,25017,01730,42.463239909034186,-71.29548306425782,15314.84,846.70,41261
fb245ec8-5eeb-5909-a3a7-e16c0aab14bf,1944-03-24,,999-67-4897,S99967212,X09675380X,Mrs.,Winona266,Eilene124,Muller251,,Rolfson709,M,white,nonhispanic,F,Cambridge  Massachusetts  US,187 Willms Vale,Lexington,Massachusetts,Middlesex County,25017,02420,42.42992227062502,-71.25642762804934,24789.50,1747.24,95198
cd1fa1ca-5f89-59d0-5a9d-98df4309437e,1961-05-04,,999-13-8671,S99922130,X22857219X,Mrs.,Reina25,Bev675,Stamm704,,Halvorson124,M,white,nonhispanic,F,Framingham  Massachusetts  US,860 Weber Road Apt 77,Attleboro,Massachusetts,Bristol County,44007,02861,41.95428392747616,-71.28845267351332,16041.94,3535.60,23746
cc275ebe-ba99-2448-a89b-f1cbe0140243,1966-06-09,,999-36-5712,S99977842,X24792384X,Mrs.,Hye44,,Volkman526,,Crona259,M,white,hispanic,F,Salem  Massachusetts  US,673 Walter Rest,Wilbraham,Massachusetts,Hampden County,25013,01095,42.138134595588554,-72.41009163282908,7050.00,11436.34,2800
2ec57a45-10ac-16f7-699c-2f48dd7a197d,1955-08-29,,999-22-6356,S99930075,X12510953X,Mr.,Les282,Marquis364,Bergstrom287,,,S,white,nonhispanic,M,Boston  Massachusetts  US,826 Pagac Drive Apt 59,Agawam,Massachusetts,Hampden County,25013,01030,42.09638891974444,-72.65286552030851,20691.98,1067.96,85629
3e7625f4-6e13-9098-4ab7-82de7c159907,1994-01-29,,999-49-8304,S99993992,X74137724X,Mr.,Curtis94,Jed345,Becker968,,,M,black,nonhispanic,M,Woburn  Massachusetts  US,257 Larkin Park,Ludlow,Massachusetts,Hampden County,,00000,42.16265921775575,-72.4254772599561,15199.76,0.00,60417
4e25f22f-799d-57ab-51e6-8d8101702a66,1992-03-23,,999-12-3238,S99934349,X16808109X,Mr.,Fred155,Deon400,Stehr398,,,S,black,nonhispanic,M,Athol  Massachusetts  US,474 O'Reilly Flat,Springfield,Massachusetts,Hampden County,25013,01107,42.17511858824353,-72.55504314243481,4650.00,10954.38,14633
f17b5c3b-d83c-6fe2-4996-0a5bc811a6d9,1968-11-01,,999-69-5804,S99949825,X77725523X,Mr.,Quinn173,Cyrus914,Bosco882,,,S,white,nonhispanic,M,Boston  Massachusetts  US,417 Daugherty Lock,New Bedford,Massachusetts,Bristol County,25005,02740,41.58176619576452,-70.93692230551076,19951.54,1261.20,28552
3112f5f3-2e88-5abd-ac24-b5ec8a7c3413,1981-12-03,,999-82-4690,S99966055,X44053653X,Mrs.,Celeste191,Christy428,Kulas532,,Grady603,M,white,nonhispanic,F,Belchertown  Massachusetts  US,1099 Walsh Manor Apt 41,Abington,Massachusetts,Plymouth County,25023,02351,42.068581418441575,-70.97317823040667,15587.54,2213.20,31342
acafc71f-5b8c-017f-b008-23c66df8491d,1957-12-21,,999-22-2714,S99935500,X33869165X,Mrs.,Nelda514,Tammera223,Waelchi213,,Boehm581,M,asian,nonhispanic,F,Westfield  Massachusetts  US,248 Hansen Plaza Unit 58,Millis,Massachusetts,Norfolk County,,00000,42.18655933093119,-71.3419633430382,20686.14,391.40,148624
f9a59a6d-998c-ce39-12b6-6f6f89ce866e,1972-06-16,,999-21-5488,S99985349,X63030741X,Mrs.,Gerri75,,Schoen8,,Paucek755,M,white,nonhispanic,F,Dedham  Massachusetts  US,318 Schamberger Stravenue Suite 34,Danvers,Massachusetts,Essex County,25009,01923,42.5872183444674,-70.98681885949787,18621.54,0.00,40089
03368b64-36e2-e031-2e10-10a4bf9ddddc,1960-07-17,,999-88-8857,S99921748,X48378985X,Mr.,Milo271,Stewart672,Doyle959,,,M,asian,nonhispanic,M,Beijing  Beijing Municipality  CN,211 Stokes Rue Unit 31,Braintree,Massachusetts,Norfolk County,25021,02184,42.16250508663333,-70.96099742470325,21953.14,351.60,94003
d72d0cc8-e909-8ce7-606f-adb4d517218c,1999-09-08,,999-28-9663,S99927946,X46685231X,Mr.,Jefferey580,Tory770,Ortiz186,,,,white,nonhispanic,M,Worcester  Massachusetts  US,717 Doyle Extension,Reading,Massachusetts,Middlesex County,25017,01867,42.5788984002362,-71.12840846043103,13705.54,0.00,135782
a3942ba6-2cf0-1b09-354e-c06cde9dbd30,1981-03-14,,999-80-8206,S99966996,X03273532X,Mr.,Benedict104,Dusty207,Runolfsdottir785,,,D,white,nonhispanic,M,Boston  Massachusetts  US,1000 Kshlerin Wynd,Athol,Massachusetts,Worcester County,25027,01331,42.58613755405288,-72.21040506122176,10748.84,5415.90,23467
2dae7025-c266-5887-1444-bcdc2adaaebf,1957-05-21,,999-45-9867,S99938043,X18502759X,Mr.,Óscar156,,Piña753,,,M,white,hispanic,M,Caracas  Capital District  VE,750 Murazik Viaduct Suite 9,Boston,Massachusetts,Suffolk County,25025,02199,42.282839356971266,-71.07367186699757,6850.00,12052.00,5828
67289883-b6e8-85d3-6775-a61c479c6554,1957-06-24,,999-30-7483,S99947177,X31029679X,Mrs.,Valene773,Etsuko685,Schiller186,,Willms744,M,white,nonhispanic,F,Lowell  Massachusetts  US,329 Schuppe Common Apt 11,Hingham,Massachusetts,Plymouth County,25023,02043,42.2309018981906,-70.88552053011861,19688.34,423.24,598086
89fc67ed-55e8-771f-67ab-ade3d58e9cdf,1952-07-03,,999-46-4901,S99953834,X11436984X,Mr.,Dave764,,Stanton715,,,M,white,nonhispanic,M,Sterling  Massachusetts  US,880 Leffler Annex,Sturbridge,Massachusetts,Worcester County,25027,01507,42.145006826248206,-72.05239456288417,10083.00,14814.54,7325
95e9ad10-f7c2-5a1e-84a9-9edf73d8c61a,1968-06-05,,999-86-1780,S99921553,X49965512X,Mr.,Armand155,Darryl392,Rath779,,,M,white,nonhispanic,M,Natick  Massachusetts  US,903 Borer Neck,Worcester,Massachusetts,Worcester County,25027,01607,42.24640820651364,-71.81904834555702,19986.06,0.00,106258
9e0cca20-6e6b-fdab-e351-519893bd7da0,1990-06-19,,999-91-3227,S99977207,X97216665X,Mr.,Maximo817,Val761,Gutmann970,,,D,asian,nonhispanic,M,Malden  Massachusetts  US,581 Wyman Glen Unit 69,Dedham,Massachusetts,Norfolk County,25021,02090,42.29456242294558,-71.20275766746373,13833.98,0.00,85291
8202acf1-c138-0366-3a24-5cb077c71e23,1960-03-30,,999-26-6257,S99967355,X47948381X,Mr.,Percy315,Freeman822,Becker968,,,S,white,nonhispanic,M,Dracut  Massachusetts  US,976 Rau Well Apt 29,Saugus,Massachusetts,Essex County,25009,01906,42.43998106187478,-71.00008251849613,22764.96,351.60,87560
58e8092c-7069-bba7-a958-5cf3ae5f01cd,1954-09-28,,999-33-4604,S99968669,X27823829X,Ms.,Marla843,,Schiller186,,,S,white,nonhispanic,F,Taunton  Massachusetts  US,700 Mitchell Route,Framingham,Massachusetts,Middlesex County,25017,01701,42.31121907691714,-71.4012085078824,23115.34,1235.80,176908
c0ddbe7e-10c0-59b0-5ad9-f80a4574acaf,1962-12-06,,999-74-2830,S99935303,X83029420X,Mr.,José Eduardo181,Javier97,Roldán470,,,S,white,hispanic,M,Bogota  Bogota  CO,533 Huels Boulevard Apt 35,Boston,Massachusetts,Suffolk County,25025,02116,42.404871959116264,-71.04744848731232,19304.74,0.00,121921
67be2852-6b38-c62f-a77d-c2c419033022,1976-02-10,,999-28-3071,S99984425,X88232493X,Mrs.,Gennie418,Melda993,MacGyver246,,Botsford977,M,white,nonhispanic,F,Hudson  Massachusetts  US,550 Jacobs Club Unit 34,Kingston,Massachusetts,Plymouth County,25023,02364,41.96827924086461,-70.7326582365854,11430.44,4871.90,23950
3b96afd8-0439-57ef-d5d8-68a03adf5173,2004-12-17,,999-11-5659,S99946767,X83824069X,Mr.,Octavio643,,Cano735,,,,white,hispanic,M,Guatemala City  Guatemala  GT,673 Hegmann Harbor Apt 19,Worcester,Massachusetts,Worcester County,25027,01604,42.24718988485291,-71.6953993888484,13159.94,0.00,58318
161dafbf-2717-1931-9e3b-0b3ec9c21eb9,1976-10-11,,999-80-2040,S99925281,X37627547X,Mrs.,Karla801,My508,Purdy2,,Miller503,M,white,nonhispanic,F,Berlin  Berlin  DE,134 McLaughlin Ville,Lynn,Massachusetts,Essex County,25009,01901,42.45777160936572,-70.99967038727824,17530.34,0.00,72159
abdd69af-3af0-9698-7f27-94d8c9169cb3,1966-04-03,,999-57-1461,S99999428,X97052305X,Mrs.,Jesica465,,Mills423,,Murray856,D,white,nonhispanic,F,Bridgewater  Massachusetts  US,311 Howe Stravenue Apt 34,Brookline,Massachusetts,Norfolk County,25025,02215,42.3346115089777,-71.10135584407297,8600.00,12886.34,2110
16a74f4f-cb7a-01f3-dd7b-82c0817d8285,1943-04-19,,999-55-4188,S99968855,X15510997X,Mrs.,Kathe603,Anika194,Volkman526,,Kris249,M,white,nonhispanic,F,Lexington  Massachusetts  US,583 McLaughlin Walk,Arlington,Massachusetts,Middlesex County,25017,02476,42.37532090450202,-71.15334185797258,23405.98,1766.48,39466
63703696-3f8e-0aae-1610-0f10b18080d8,1986-12-08,,999-38-9645,S99951008,X31218814X,Ms.,Mae105,Kassie598,Rutherford999,,,S,white,nonhispanic,F,Weston  Massachusetts  US,134 Kuhn Viaduct Apt 71,Pembroke,Massachusetts,Plymouth County,,00000,42.07681573183116,-70.76528896906842,14119.14,0.00,49464
c48532f9-f3b6-a7c6-e934-f29bdd3d52ec,2003-12-01,,999-58-9830,S99971699,X55369338X,Mr.,Irving123,Antoine384,Bartoletti50,,,,white,nonhispanic,M,South Hadley  Massachusetts  US,320 Bashirian Ville Apt 96,Everett,Massachusetts,Middlesex County,25017,02149,42.42402824253583,-71.03676579824008,3000.00,10283.58,11667
48bd647b-a071-ec3f-4f06-7e0230799044,1977-10-30,,999-57-5121,S99953163,X70606643X,Mrs.,Wai719,Melynda458,Mayer370,,Zieme486,M,white,nonhispanic,F,Stoughton  Massachusetts  US,153 Kihn Rue,Amherst,Massachusetts,Hampshire County,,00000,42.41071685250426,-72.47413422252069,14633.14,1805.20,33368
3d400f3f-2a3c-360b-62a8-32c5d56df57d,1970-06-02,,999-57-6497,S99973265,X54997699X,Mr.,Kory651,,Harber290,,,M,white,nonhispanic,M,Tewksbury  Massachusetts  US,603 Maggio Ferry,Grafton,Massachusetts,Worcester County,,00000,42.2294896375179,-71.63497516751224,16322.66,520.30,592860
a576d73b-b57b-bda0-c4ce-558c5a4a0949,1967-04-13,,999-59-7165,S99960065,X92924203X,Mrs.,María Luisa888,Luz785,González124,,Gastélum330,M,white,hispanic,F,Buenos Aires  Ciudad de Buenos Aires  AR,334 Conn Gateway,Boston,Massachusetts,Suffolk County,25025,02121,42.37652011960624,-71.02685614380593,18895.14,0.00,49057
8721be39-bc10-8f98-4241-e7cbab7c57e2,1958-11-11,,999-75-7938,S99932204,X77151413X,Mrs.,Carlota980,Ramona980,Corral791,,Araña824,M,white,hispanic,F,Santiago  Santiago Province  CL,182 Renner Overpass Suite 5,Dracut,Massachusetts,Middlesex County,,00000,42.700638696140274,-71.31202555475531,20830.10,383.44,147891
e921af40-a4fd-1f2f-917a-b922ccf77849,1966-01-16,,999-51-6904,S99945686,X16748163X,Mr.,Hugo693,Santiago500,Nazario58,,,S,white,hispanic,M,Caguas  Puerto Rico  PR,885 Runolfsson Port Apt 42,South Dennis,Massachusetts,Barnstable County,25001,02660,41.71377024750276,-70.18718319875559,19577.54,0.00,99195
b7279145-3a83-b0ce-c6d2-e5146578553e,1963-10-19,,999-89-5514,S99912009,X14192129X,Mrs.,Rina274,Delia459,Nolan344,,Schmitt836,M,asian,nonhispanic,F,Brockton  Massachusetts  US,902 Streich Camp Apt 1,Boston,Massachusetts,Suffolk County,25025,02129,42.35730923718866,-71.0433014951041,21740.72,0.00,50776
c8064e85-18a6-6c4c-d144-213e90337d9a,2000-03-09,,999-17-4438,S99989878,X06383165X,Mr.,Matthew562,Horace32,White193,,,,white,hispanic,M,East Falmouth  Massachusetts  US,776 Williamson Orchard,Southbridge,Massachusetts,Worcester County,25027,01550,42.05113981998036,-72.00932725236555,6664.74,7313.60,24574
62438d5c-0d52-0513-ff4c-bbd6e1597dd2,1969-09-25,,999-44-5050,S99939376,X11177307X,Mr.,Blaine377,Alejandro916,Schuppe920,,,M,white,nonhispanic,M,Cambridge  Massachusetts  US,617 Romaguera Road,Southampton,Massachusetts,Hampshire County,,00000,42.26520595486943,-72.79010951359817,19156.38,0.00,107864
db470967-94a3-c29f-c9be-63bc33dd15fd,1975-01-09,,999-97-7015,S99922730,X17751593X,Ms.,Clorinda310,Tonia627,Gutmann970,,,S,white,nonhispanic,F,Worcester  Massachusetts  US,421 Pfeffer Rapid Unit 6,Carver,Massachusetts,Plymouth County,,00000,41.89082910662932,-70.76504426160808,19302.34,0.00,117837
e47b5ab2-63f9-8aed-e13f-6afa2607df24,2004-03-27,,999-57-3304,S99941677,X63819300X,Ms.,Keturah238,Laurine214,Connelly992,,,,white,nonhispanic,F,Somerville  Massachusetts  US,591 Trantow Branch,Franklin,Massachusetts,Norfolk County,25021,02038,42.11084508233187,-71.42097078532983,2950.00,10890.74,18110
b197afb5-8864-f9e9-eb62-5b6388fa786c,1991-02-11,,999-81-9470,S99912569,X72027477X,Mr.,Isreal8,Tanner110,Heller342,,,S,white,nonhispanic,M,Sturbridge  Massachusetts  US,735 Hintz Quay Suite 79,Medford,Massachusetts,Middlesex County,25017,02155,42.46504779111412,-71.10887978064478,4200.00,9359.30,22793
c238a7fb-ef0c-50fe-f8e1-d06c32a9c265,1968-04-15,,999-32-9702,S99966911,X13404478X,Mrs.,Ardell826,Belle514,Rath779,,Leffler128,D,white,nonhispanic,F,Milton  Massachusetts  US,233 Reichel Fort,Sandwich,Massachusetts,Barnstable County,25001,02563,41.761268877997026,-70.52799779314343,7400.00,11767.94,19020
60453f2e-399e-1775-1212-45d3a0c63806,1983-05-20,,999-78-1892,S99918820,X67449502X,Mr.,Cyril535,,O'Conner199,,,M,white,nonhispanic,M,Billerica  Massachusetts  US,271 D'Amore Haven,Lincoln,Massachusetts,Middlesex County,,00000,42.47509554095513,-71.32868306058494,14379.58,0.00,171860
c9e5135e-6ede-4aec-733a-aae960f363f6,2003-07-30,,999-18-3010,S99927201,X38405810X,Mr.,Tad831,Ty725,Leannon79,,,,white,nonhispanic,M,Rockland  Massachusetts  US,692 Jaskolski Ville Suite 49,Ocean Bluff-Brant Rock,Massachusetts,Plymouth County,,00000,42.06940082608082,-70.61112841844191,13431.94,0.00,48953
3b82fc00-e576-47d1-0eac-db811a021704,1954-03-19,,999-15-6589,S99973171,X93407709X,Mrs.,Zella14,Ettie537,McDermott739,,Mitchell808,D,white,nonhispanic,F,Plymouth  Massachusetts  US,667 Mraz Fort Suite 75,East Bridgewater,Massachusetts,Plymouth County,,00000,42.0475120772944,-70.97275733112782,22640.06,1165.48,40799
fdfeb8d5-82a6-5ba4-11d6-d00451076a5c,1989-06-29,,999-53-8696,S99930076,X96790016X,Mrs.,Erline657,Eden920,Turner526,,Lueilwitz711,M,white,nonhispanic,F,Medford  Massachusetts  US,792 Littel Ferry Suite 27,Dartmouth,Massachusetts,Bristol County,,00000,41.58094943667026,-70.9499415980945,14106.78,0.00,132114
c21e0b07-b9ff-a775-ca6a-23eea91866b5,1975-03-19,,999-25-3981,S99940881,X14064744X,Ms.,Georgie506,Carrie738,Purdy2,,,S,white,nonhispanic,F,Boston  Massachusetts  US,1026 O'Keefe Vista Apt 65,Cambridge,Massachusetts,Middlesex County,25017,02142,42.368346265174374,-71.05536398970659,18177.94,1533.20,33222
5014bb2d-63b5-03b8-f118-5fa5b231b16c,2005-10-06,,999-63-4510,S99972175,X18198075X,Ms.,Freda902,Katharina121,Herzog843,,,,white,nonhispanic,F,Salem  Massachusetts  US,893 Bruen Row Apt 96,Ashfield,Massachusetts,Franklin County,,00000,42.53767439511928,-72.81366035894129,12559.09,198.11,109984
bed645b3-bc9f-6799-f9de-2f2f2f1808f4,1949-01-18,,999-48-6876,S99911930,X92121480X,Mr.,Rudolf736,Bryon392,Turcotte120,,,M,white,nonhispanic,M,Chicopee  Massachusetts  US,957 Walker Approach,Teaticket,Massachusetts,Barnstable County,25001,02536,41.59370517429869,-70.56001037974302,21386.90,1466.64,110923
feaae8d9-4000-3cb5-e233-be19af798648,1969-02-13,,999-58-1099,S99960155,X23432016X,Mrs.,Willene254,,Hane680,,Kling921,M,white,nonhispanic,F,North Reading  Massachusetts  US,327 Bailey Rapid,Amherst,Massachusetts,Hampshire County,,00000,42.353343740960014,-72.48728574418523,7300.00,11595.14,5426
8a9f1e57-7eef-f408-3ddd-71c883e0c783,1960-07-20,,999-99-2730,S99937586,X57266461X,Mr.,Gerry91,Micah422,Barton704,,,M,white,nonhispanic,M,Dracut  Massachusetts  US,901 Nicolas Trace Unit 88,Plymouth,Massachusetts,Plymouth County,25023,02360,41.93060798294641,-70.64576774294457,20731.74,1437.00,34378
29ec1c2e-dc69-648c-3337-c737a70958ff,1965-12-09,,999-19-8248,S99935175,X92710362X,Mr.,Diego848,Eusebio566,Schimmel440,,,M,white,nonhispanic,M,Marlborough  Massachusetts  US,210 Legros Dam Unit 39,Grafton,Massachusetts,Worcester County,,00000,42.25669355250972,-71.66613378487249,19304.74,0.00,117797
af741d3e-5ad2-3ad3-74a3-371b8878c6d5,1966-03-13,,999-27-4732,S99932494,X44336902X,Mrs.,Alexa171,Arminda86,Hane680,,Kub800,M,white,nonhispanic,F,Malden  Massachusetts  US,1015 Keeling Row Unit 52,Taunton,Massachusetts,Bristol County,25005,02767,41.92638318886008,-71.14790684555713,12919.00,6112.94,23439
61e34925-ccf3-389c-f66b-f42d364663d8,1966-12-22,,999-81-3975,S99958294,X67095331X,Mr.,Felix524,Clifford177,Pfeffer420,,,M,white,nonhispanic,M,Essex  Massachusetts  US,654 Fisher Branch,Chicopee,Massachusetts,Hampden County,25013,01013,42.20065106409517,-72.58560931287597,17110.78,0.00,51010
4ef90311-8c76-7586-a57b-ee94e730b510,1959-02-25,,999-17-6411,S99949186,X45416908X,Mrs.,France571,,Braun514,,Pfannerstill264,M,white,nonhispanic,F,North Brookfield  Massachusetts  US,113 Wyman Crossing,Taunton,Massachusetts,Bristol County,25005,02767,41.94276188850881,-71.1622368830188,20316.34,351.60,817587
29d31ed2-3b92-7a3a-abd7-946ed082912d,1994-11-01,,999-60-9558,S99976045,X83983272X,Mrs.,Guillermina633,María842,Tejeda887,,Alvarado520,M,white,hispanic,F,Salisbury  Saint Joseph Parish  DM,305 Toy Key,Lawrence,Massachusetts,Essex County,25009,01841,42.71650508892886,-71.14879879533206,12162.38,2485.20,31780
2e651522-b240-5091-ca27-28f09506d2be,1999-12-06,,999-83-1488,S99943604,X76607166X,Mr.,Rolf983,Sonny285,Brown30,,,,white,nonhispanic,M,Barnstable  Massachusetts  US,1061 Shields Club,Boston,Massachusetts,Suffolk County,25025,02132,42.29008176437311,-71.12816736198316,13736.74,1332.00,71921
dbc9a6ea-5676-041e-73fe-432c642538ad,1993-01-21,,999-86-8998,S99910333,X40850729X,Mr.,Gavin481,Wilber603,Krajcik437,,,M,white,nonhispanic,M,Framingham  Massachusetts  US,233 Hills Union,Weymouth,Massachusetts,Norfolk County,25021,02190,42.14083224485711,-70.96644590756556,14240.38,0.00,75783
67df05f6-d2a5-2512-5395-d2ebcd9b5ea0,1982-07-30,,999-42-9072,S99910224,X87477521X,Mr.,Tyrell880,Rueben647,Stiedemann542,,,D,white,nonhispanic,M,Lawrence  Massachusetts  US,1019 Wehner Gardens Apt 88,Shelburne Falls,Massachusetts,Franklin County,25011,01370,42.636813057467485,-72.7668884839225,13685.32,2349.20,34829
f635f712-8349-1745-7622-724fc1cccb56,1969-12-16,,999-40-9425,S99957413,X04555504X,Mr.,Kyle55,Damien170,Collins926,,,D,white,nonhispanic,M,Boxford  Massachusetts  US,371 Fahey Gate,Nantucket,Massachusetts,Nantucket County,25019,02554,41.30818837911615,-70.15083069663929,17667.14,0.00,110560
62e7350d-5b1e-7eac-5e0f-a25c355deba6,1999-08-22,,999-28-5820,S99967893,X95429398X,Mr.,Francisco472,Jorge Luis88,Hurtado459,,,,black,nonhispanic,M,Havana  Havana  CU,1037 Hodkiewicz Gardens,North Amherst,Massachusetts,Hampshire County,25015,01059,42.44104893401762,-72.5165979314674,14244.56,0.00,43192
3e0c7408-fcf1-ba40-37c3-79542a0cee3e,1986-05-28,,999-96-2616,S99960150,X94301253X,Ms.,Daphne852,Georgia502,Feil794,,,S,white,nonhispanic,F,Boston  Massachusetts  US,230 Harvey Ranch Unit 29,Boston,Massachusetts,Suffolk County,25025,02129,42.32034394871248,-71.11174648920694,4400.00,8906.80,10699
26ea8171-f8cc-9f4b-0b4f-b8bcf5c808d8,2005-11-11,,999-16-2809,S99919543,X30031906X,Ms.,Corrinne176,Diedre599,Mante251,,,,white,nonhispanic,F,Saugus  Massachusetts  US,1024 Spinka Gardens,Woburn,Massachusetts,Middlesex County,25017,01890,42.520576888893174,-71.15783508411278,2550.00,10745.94,16280
fa3827a5-f7ce-04c8-3f72-026b66a56dce,1962-07-05,,999-90-9930,S99984927,X52108246X,Mrs.,Lilla884,,Lind531,,Bins636,M,white,nonhispanic,F,Boston  Massachusetts  US,616 Davis Spur,Middleborough,Massachusetts,Plymouth County,,00000,41.85512633298794,-70.83368592588648,9045.60,12168.74,364
35e7de52-2c88-b04e-70ea-2908b9b4f4bb,1951-07-07,,999-46-1391,S99917255,X02886420X,Mr.,Elijah719,Matthew562,Turcotte120,,,D,white,nonhispanic,M,Framingham  Massachusetts  US,255 Hintz View,Cambridge,Massachusetts,Middlesex County,25017,02142,42.39672685011855,-71.10126725331904,20842.86,1328.00,137121
7932f301-3c52-16e5-b3d8-26208a3c719d,1959-12-23,,999-33-2601,S99944147,X54398482X,Mrs.,Kaylene27,Lena684,Bednar518,,Lubowitz58,M,white,nonhispanic,F,Fall River  Massachusetts  US,996 Waters Meadow Unit 40,Harwich,Massachusetts,Barnstable County,,00000,41.703679565336124,-70.04671367746086,18004.00,351.60,75312
d1191487-23d8-14d9-b845-789da1f97d97,1954-08-04,,999-88-1692,S99961864,X35426905X,Mr.,Ralph813,,Daniel959,,,D,asian,nonhispanic,M,Boston  Massachusetts  US,148 Rippin Rest Suite 71,Chelmsford,Massachusetts,Middlesex County,,00000,42.61139684463842,-71.35441577527168,23380.18,1243.76,151861
6bdcba5f-aeaa-bb08-9494-8c22b5b6b954,2000-03-29,,999-77-7686,S99924348,X33392955X,Ms.,Anika194,Jada948,King743,,,,white,nonhispanic,F,Westfield  Massachusetts  US,919 Bauch Forge,Pittsfield,Massachusetts,Berkshire County,25003,01201,42.45593502636427,-73.23571441372644,3250.00,9898.38,12279
dcaf328f-ffc8-3597-a088-03cfa0f2dcda,1987-12-01,,999-96-9159,S99982972,X35260599X,Mr.,Domingo513,Alexander630,Fritsch593,,,M,black,nonhispanic,M,East Longmeadow  Massachusetts  US,913 Friesen Knoll Suite 44,Auburn,Massachusetts,Worcester County,,00000,42.23088044594434,-71.85684437780941,5150.00,10333.14,17160
51c5de3c-bafd-84d0-ce88-c3ee50acc2c8,1982-03-15,,999-60-1987,S99992779,X39366256X,Mr.,Alex454,Clair921,Hansen121,,,M,asian,hispanic,M,Springfield  Massachusetts  US,1019 Champlin Trace Suite 35,Wellesley,Massachusetts,Norfolk County,25021,02457,42.34369646241512,-71.26333805016344,15618.86,0.00,668726
69d3a43e-aac0-261f-ead2-f4962df02bc0,1961-04-13,,999-24-4780,S99938544,X40812476X,Mr.,Oswaldo857,Lou594,Pfannerstill264,,,M,white,nonhispanic,M,Andover  Massachusetts  US,755 Pfeffer Hollow Apt 21,Teaticket,Massachusetts,Barnstable County,25001,02536,41.63911831466148,-70.58215066863758,19850.06,0.00,51932
4b14cf5c-3e7b-4c7d-f375-20560b9f7497,2000-01-18,,999-62-5238,S99996168,X85913668X,Mr.,Leonardo412,,Krajcik437,,,,white,nonhispanic,M,Worcester  Massachusetts  US,110 Waters Well,Arlington,Massachusetts,Middlesex County,25017,02474,42.453517247960946,-71.1759795891,13206.62,1310.46,966793
fae4fbe4-f029-795e-6ac8-6759750c0a37,1972-09-01,,999-72-2296,S99983121,X29262958X,Mrs.,Malia984,Larisa542,Raynor401,,Price929,M,white,nonhispanic,F,Norton  Massachusetts  US,284 Goodwin Street Unit 54,Carver,Massachusetts,Plymouth County,,00000,41.900431296693625,-70.6993724164659,14945.20,0.00,80128
2cfd987a-20f3-d0e5-d141-033bf16a37ea,1990-11-22,,999-23-9857,S99936813,X24538536X,Mr.,Enrique929,Víctor493,Bustamante966,,,S,white,hispanic,M,Santo Domingo  National District  DO,220 Larkin Heights Suite 35,Marblehead,Massachusetts,Essex County,25009,01945,42.52205181974185,-70.86576881483796,14806.52,0.00,130841
109228b5-6d36-c339-2ba1-a59f33d5bf58,1993-04-06,,999-70-8204,S99958183,X32151805X,Mr.,Miquel905,,Ankunding277,,,M,white,nonhispanic,M,Thessaloniki  Thessaloniki Prefecture  GR,744 Schaden View,Tewksbury,Massachusetts,Middlesex County,,00000,42.59569539764263,-71.20637538018354,4250.00,10541.48,10741
e313d10d-ca65-2086-3e5b-fc7333e65548,1952-09-07,,999-23-2810,S99969292,X99568497X,Mrs.,Catarina933,Belia417,Feest103,,Koelpin146,M,white,nonhispanic,F,Pepperell  Massachusetts  US,1089 Hand Overpass Unit 92,Beverly,Massachusetts,Essex County,25009,01915,42.56037666301922,-70.8024904081992,18569.00,1288.20,108310
65e1d51f-44cf-aa14-97fa-35c81752eb3e,1977-03-01,,999-94-2003,S99944582,X46666310X,Mr.,Ali918,Hollis7,Strosin214,,,S,white,nonhispanic,M,Worcester  Massachusetts  US,664 Haley Port,Cambridge,Massachusetts,Middlesex County,25017,02142,42.364944656225866,-71.10157126466574,13990.00,0.00,72462
28fabe2a-17c5-716c-ac07-fa44472415c1,1954-12-09,,999-23-9533,S99974378,X66928791X,Mr.,Korey682,Dudley365,Mitchell808,,,M,white,nonhispanic,M,Salem  Massachusetts  US,551 Kiehn Run Unit 72,Walpole,Massachusetts,Norfolk County,25021,02081,42.168019147916375,-71.28857389487783,9360.96,13762.98,10261
a3f684f4-d5da-5fe9-4812-14797d0c9af7,1996-06-15,,999-57-4611,S99987800,X11651219X,Mrs.,Antoinette709,,Volkman526,,Marks830,M,black,nonhispanic,F,Athol  Massachusetts  US,171 Will Trafficway Apt 89,Salem,Massachusetts,Essex County,25009,01970,42.47865595600015,-70.9037575800933,15614.34,0.00,166897
8426a683-8640-6cb9-8bdb-8dfc4ddf7215,1980-07-14,,999-79-9556,S99999157,X90175272X,Mrs.,Betty470,Ocie984,Mayert710,,Kozey370,M,white,nonhispanic,F,Chelsea  Massachusetts  US,481 Howe Heights,Malden,Massachusetts,Middlesex County,25017,02155,42.39634496299601,-71.06908813896453,17528.74,0.00,88384
ff0fb373-da59-1794-177f-7879abb1abc8,1973-04-01,,999-60-9230,S99926516,X70331865X,Mr.,Caleb651,,Hilll811,,,M,white,nonhispanic,M,Wakefield  Massachusetts  US,250 Abernathy Ramp,Scituate,Massachusetts,Plymouth County,25023,02066,42.164026907809465,-70.79176892891469,14945.20,0.00,777644
89ef1f35-32fc-f222-226a-47c5cc1382be,2001-01-25,,999-15-3628,S99943477,X12261537X,Ms.,Denise470,Josefa6,Quigley282,,,,white,nonhispanic,F,Sutton  Massachusetts  US,332 Cummerata Course,Sharon,Massachusetts,Norfolk County,25021,02067,42.142830657145694,-71.14758742879877,14653.08,0.00,199019
0e5f4c88-d5dd-fc14-c338-7cb1382ad643,1978-10-06,,999-82-7751,S99947138,X38408619X,Mr.,Charley358,Howard613,Mayer370,,,M,white,nonhispanic,M,Lowell  Massachusetts  US,817 Morar Vista,Lawrence,Massachusetts,Essex County,25009,01843,42.71883665445786,-71.1579403013759,16133.14,1805.20,32446
3964f192-0e64-c2fd-22fb-55ed29d49126,1974-09-21,,999-65-2923,S99944228,X38793367X,Ms.,Jonie421,,Stokes453,,,S,white,nonhispanic,F,Methuen  Massachusetts  US,1043 Terry Frontage road Suite 81,Rockland,Massachusetts,Plymouth County,,00000,42.152231544059916,-70.88710004776891,6050.00,10933.94,2028
54b1fa5b-5579-b577-0373-9c7bf30172ac,1978-10-24,,999-30-2744,S99996535,X08682396X,Mrs.,Jeniffer557,Anita473,Stark857,,Altenwerth646,D,white,nonhispanic,F,Boston  Massachusetts  US,117 Zemlak Throughway,Winchester,Massachusetts,Middlesex County,25017,01890,42.46741600721194,-71.13818689936227,16599.64,520.30,111583
3305c412-0093-30f7-9b54-8a0f34e9a068,1966-06-27,,999-11-7562,S99951702,X57658068X,Mr.,Demetrius568,Omar359,Lockman863,,,M,asian,nonhispanic,M,Billerica  Massachusetts  US,1050 Schuster Burg Suite 49,Lancaster,Massachusetts,Worcester County,,00000,42.5332832949384,-71.70152926228326,20395.94,0.00,65686
f62c8c7d-9f11-def6-a191-e434e2ac3340,1967-11-19,,999-49-3565,S99995674,X53163719X,Ms.,Micah422,Deann56,Baumbach677,,,S,asian,nonhispanic,F,Incheon  Incheon  KR,628 Koelpin Wynd,Reading,Massachusetts,Middlesex County,25017,01801,42.52527551725604,-71.19739271411892,21349.26,0.00,105650
4c7b8d03-378a-991b-82d9-715f1cfb2fe1,1925-11-23,,999-11-1568,S99970833,X44917357X,Mr.,Ty725,Morton637,Turner526,,,M,white,nonhispanic,M,Boston  Massachusetts  US,123 Kihn Frontage road,Quincy,Massachusetts,Norfolk County,25021,02171,42.30819795437307,-71.05898007353936,21342.56,2344.24,49643
9906b30c-e02d-1291-90d4-e7f2aa26db2f,1992-09-02,,999-90-8398,S99941500,X98924187X,Mr.,Amado512,Carlos172,Klocko335,,,S,white,nonhispanic,M,Freetown  Massachusetts  US,1099 Leffler Forge,Walpole,Massachusetts,Norfolk County,25021,02081,42.1907801429664,-71.28015490499172,16161.54,0.00,70851
c2fb3cf0-0ab0-f3c8-b973-c1db22d4d531,1992-04-06,,999-54-5974,S99917100,X53079103X,Mr.,Delbert384,Antwan357,Prohaska837,,,M,white,nonhispanic,M,Southampton  Massachusetts  US,269 Pollich Haven,Springfield,Massachusetts,Hampden County,25013,01103,42.08346849518812,-72.55615404477025,13695.58,0.00,116580
95a4359a-bc51-a44a-4858-7bfab72e3664,1957-01-16,,999-62-5337,S99998993,X03334657X,Ms.,Carmel816,,Kutch271,,,S,white,nonhispanic,F,New Bedford  Massachusetts  US,212 Keeling Pathway,Falmouth,Massachusetts,Barnstable County,25001,02540,41.57934889884632,-70.62309599391098,8990.96,13172.00,2679
43b1a1e5-c601-8c6a-95d6-01ce9359ef01,2005-01-06,,999-91-2127,S99934294,X44495067X,Mr.,Andrés117,Octavio643,Borrego496,,,,white,hispanic,M,Tegucigalpa  Francisco Morazán  HN,919 Morar Promenade Suite 50,Worcester,Massachusetts,Worcester County,25027,01604,42.30001579239781,-71.85371835470815,11837.41,84.05,69866
15c11d50-6797-491f-008b-cca4c5d3da0c,1957-09-14,,999-49-1429,S99922485,X49888741X,Mr.,Woodrow571,Mariano761,Hauck852,,,M,white,nonhispanic,M,Boston  Massachusetts  US,584 Bailey Mill Suite 6,Kingston,Massachusetts,Plymouth County,25023,02364,42.03162107505897,-70.75946887278921,20958.94,391.40,105632
0dbaa4a6-ca4a-55cb-0ba4-488d83b98c12,1999-06-10,,999-88-6164,S99942138,X78187597X,Mr.,Zachery872,,Gleason633,,,,white,nonhispanic,M,Shrewsbury  Massachusetts  US,802 O'Conner Highlands Unit 95,Boston,Massachusetts,Suffolk County,25025,02134,42.275565791407196,-71.13316078790358,14243.95,415.71,46199
a4bc7bff-9116-10f8-54f7-ec15255749dd,2000-02-24,,999-67-4069,S99969842,X19825229X,Ms.,Latricia419,Cecile401,Wuckert783,,,,white,nonhispanic,F,Dartmouth  Massachusetts  US,156 Okuneva Crossroad,Lowell,Massachusetts,Middlesex County,25017,01850,42.64645463763249,-71.35740986446204,3450.00,10255.54,14616
835e9298-70a9-a689-319a-620116de3bbd,1968-04-30,,999-31-4410,S99911382,X48613460X,Mr.,Bert917,Carroll471,Mante251,,,D,white,nonhispanic,M,Marblehead  Massachusetts  US,798 Stoltenberg Estate,Southampton,Massachusetts,Hampshire County,,00000,42.252157317175666,-72.77712342436115,7950.00,12036.34,17933
40a18bca-a31b-cf35-9797-b13c969bc309,1998-06-10,,999-59-1184,S99971350,X81153493X,Mrs.,Amie520,Dusty207,Wehner319,,Thompson596,M,white,nonhispanic,F,Tyngsborough  Massachusetts  US,868 Will Heights,Holliston,Massachusetts,Middlesex County,,00000,42.19335767628245,-71.46975874457814,15341.54,0.00,69562
a115442f-b673-fa18-44a7-68e0cb42a90e,1943-09-19,,999-76-3480,S99997725,X10929452X,Mr.,Jospeh459,Winfred745,Prosacco716,,,S,white,hispanic,M,Upton  Massachusetts  US,833 Dooley Mill,Templeton,Massachusetts,Worcester County,,00000,42.56428319006128,-72.08012423258201,23394.98,1777.76,59922
10657c89-2a46-4d68-ad63-4079c15f8a99,1983-04-01,,999-81-9904,S99959939,X85975503X,Mr.,Faustino767,Travis723,Lakin515,,,S,white,nonhispanic,M,Beverly  Massachusetts  US,653 Collier Terrace Unit 2,Leominster,Massachusetts,Worcester County,25027,01453,42.53066382056315,-71.78560647256738,17118.86,0.00,135632
d54c307d-452b-3a54-2073-9a99aa18628a,1990-07-04,,999-44-3022,S99945135,X07634384X,Mr.,Giovanni385,Myles862,Corkery305,,,D,white,nonhispanic,M,Norwood  Massachusetts  US,991 Lehner Heights Suite 27,Northborough,Massachusetts,Worcester County,25027,01532,42.32412445497637,-71.68791552104848,14106.78,0.00,856726
f627e4c8-dfa3-db3f-d247-5e9f2fd485d0,2003-09-02,,999-83-3601,S99968655,X84806826X,Ms.,Tracie996,Tessa832,Wilkinson796,,,,white,nonhispanic,F,Lowell  Massachusetts  US,860 Gorczany Junction Suite 34,Littleton,Massachusetts,Middlesex County,,00000,42.53741760670899,-71.50414141915302,14113.26,0.00,264325
12934c89-f479-10dd-35cd-d4090041ff86,1999-04-06,,999-29-4868,S99956431,X19269841X,Mr.,Duane703,,Gibson10,,,,white,nonhispanic,M,Boston  Massachusetts  US,937 Sanford Ville Suite 39,Marlborough,Massachusetts,Middlesex County,25017,01752,42.36479104388949,-71.50786313962138,14244.56,0.00,152551
2744acb7-9a61-eda5-7dc9-5ea349ef9634,1963-04-02,,999-37-9260,S99999799,X35592802X,Mr.,Lenny728,Elvis145,Walsh511,,,M,white,nonhispanic,M,Boxborough  Massachusetts  US,493 Franecki Extension Apt 82,Agawam,Massachusetts,Hampden County,25013,01001,42.08261765923392,-72.66754838726673,20804.74,0.00,109422
730a56e9-3444-85a6-0b01-a2f1c42f819a,1998-09-14,,999-78-7462,S99999094,X73612681X,Mr.,Michael441,Rodger755,Windler79,,,S,white,nonhispanic,M,Salem  Massachusetts  US,268 Lesch Spur,Norfolk,Massachusetts,Norfolk County,,00000,42.134894837581975,-71.28253287296504,14375.30,0.00,142536
14b43178-c22a-8347-0b37-314066428f3e,1951-05-27,,999-31-5561,S99991769,X97590034X,Mr.,Amos720,Quinn173,Lockman863,PhD,,M,white,nonhispanic,M,Pinehurst  Massachusetts  US,480 Satterfield Ferry,Pocasset,Massachusetts,Barnstable County,25001,02559,41.73791210442011,-70.63871632961282,8753.00,13418.14,15153
f705f6bc-5ba0-92bb-9fed-0d81c5508b43,1994-08-19,,999-60-2337,S99957099,X71962076X,Mrs.,Danelle47,Elli820,Osinski784,,Gerhold939,M,white,nonhispanic,F,Quincy  Massachusetts  US,142 Pfannerstill Alley,Uxbridge,Massachusetts,Worcester County,,00000,42.09467367425479,-71.69140713800502,16295.94,0.00,73978
7050d4ce-0977-c01b-0402-4a053f4417a5,1962-06-11,,999-73-8953,S99982124,X64077143X,Mrs.,Laci507,Zena758,Ernser583,,Hickle134,D,white,nonhispanic,F,Boston  Massachusetts  US,924 Feest View Suite 44,New Bedford,Massachusetts,Bristol County,25005,02746,41.52681656657457,-71.01259689105862,20668.74,0.00,72418
412895cc-745a-ffe9-7e88-8e03f8f7a058,1983-08-13,,999-59-4798,S99967561,X07367277X,Mr.,Leandro563,Zack583,Legros616,,,M,black,nonhispanic,M,Lowell  Massachusetts  US,413 Hand Vale Unit 69,Fall River,Massachusetts,Bristol County,25005,02747,41.72245558945227,-71.09123612287331,12575.98,2349.20,29323
0f523b18-0529-2891-1d98-b4d67e33ba0c,1946-01-04,,999-80-6772,S99957106,X32009634X,Ms.,Marie754,Brande998,Wilkinson796,,,S,black,nonhispanic,F,Boylston  Massachusetts  US,385 Pagac Divide,Lynnfield,Massachusetts,Essex County,25009,01940,42.491427790697074,-71.07131877328747,21580.90,1546.24,127897
28e8ea3b-cffe-c592-c34a-4016a2cb3362,1972-10-02,,999-30-1417,S99926144,X19335328X,Mr.,Brady998,Bart73,Auer97,,,M,white,nonhispanic,M,Boston  Massachusetts  US,703 Larkin Bay Unit 15,Medford,Massachusetts,Middlesex County,25017,02155,42.37452751302804,-71.0808193016644,17245.98,0.00,61954
74738f3b-b5b9-f248-c6ee-e35df187b5a1,1955-10-24,,999-60-9324,S99985688,X40114406X,Mr.,Davis923,Rocky100,Sporer811,,,M,white,nonhispanic,M,Worcester  Massachusetts  US,515 Lehner Trafficway Unit 69,Millbury,Massachusetts,Worcester County,,00000,42.18513959074043,-71.7854698900601,20186.18,1028.16,75578
235ae5d6-0e9b-caae-d582-1a49e96bb7b8,1979-03-24,,999-38-1196,S99969037,X50228572X,Mr.,Ervin886,Bart73,O'Hara248,,,M,black,nonhispanic,M,Newton  Massachusetts  US,447 Auer Pathway,Beverly,Massachusetts,Essex County,25009,01915,42.574541410502256,-70.83554567024753,16301.54,0.00,142464
96f34f00-0bf1-273f-9082-4c47a2d9bb97,2002-07-08,,999-47-4041,S99921104,X64207893X,Ms.,Hyon784,Antonio44,Hintz995,,,,white,nonhispanic,F,Wareham  Massachusetts  US,690 Kreiger Port Apt 49,Tewksbury,Massachusetts,Middlesex County,,00000,42.59770189024204,-71.17888476956202,13556.38,0.00,50881
e3e12583-8f6a-dc07-8f60-19e14a7e2b3a,1990-01-06,,999-79-8598,S99949349,X32951080X,Mr.,Adam631,,Schamberger479,,,S,white,hispanic,M,Methuen  Massachusetts  US,751 Borer Center,Wilmington,Massachusetts,Middlesex County,25017,01887,42.60355028769508,-71.15408877777956,13429.92,1103.80,188199
d81a8b3f-7e5d-a64c-09f1-e61e57818f22,2002-09-06,,999-36-4057,S99980448,X40915035X,Mr.,Amos720,Jerome176,Mills423,,,,white,nonhispanic,M,Chicopee  Massachusetts  US,887 Walker Harbor,Lancaster,Massachusetts,Worcester County,,00000,42.49124843348338,-71.69448525639407,13326.12,514.62,111281
a26b6280-29db-9dd1-21f9-27308315212a,1968-09-29,,999-42-6969,S99966737,X81314962X,Mrs.,Marjory382,Kirstin394,Schuster709,,Carter549,W,white,nonhispanic,F,Belmont  Massachusetts  US,177 Ebert Manor,Somerville,Massachusetts,Middlesex County,25017,02145,42.435009721547715,-71.09729837014085,18349.54,0.00,69883
857f5361-bb37-396f-9a8a-8cddd5e2e69a,1947-02-16,,999-43-6567,S99921106,X68483296X,Mr.,Lauren941,Victor265,Casper496,,,W,white,nonhispanic,M,Hanover  Massachusetts  US,324 Kautzer Mill,Revere,Massachusetts,Suffolk County,25025,02151,42.38438875322097,-70.98831815227867,22559.18,1522.36,86036
24c01a01-64ba-a595-9ed7-ce67ebfa69df,1969-01-27,,999-87-1356,S99913094,X03766991X,Mrs.,Deeanna316,Ludivina884,Green467,,Bernhard322,M,white,nonhispanic,F,Lynnfield  Massachusetts  US,562 Farrell Lodge,Fairhaven,Massachusetts,Bristol County,,00000,41.665877624124576,-70.82812432007,18349.54,0.00,42098
eeca3906-1320-9786-5a71-f7d6f1985dfb,1996-07-12,,999-22-5935,S99997843,X82761682X,Mr.,Frankie174,,Swift555,,,M,black,nonhispanic,M,Pepperell  Massachusetts  US,517 Green Junction,New Bedford,Massachusetts,Bristol County,25005,02740,41.64808778451573,-70.9289184403155,13693.98,0.00,113942
084a5b9e-728a-70ab-74ea-33ef37c32f56,1984-11-09,,999-56-5782,S99998528,X92508042X,Mr.,Hans694,Clinton763,Willms744,,,M,asian,nonhispanic,M,Shirley  Massachusetts  US,586 Bailey Green Suite 55,Waltham,Massachusetts,Middlesex County,25017,02452,42.446489202605804,-71.22195651057608,13170.80,0.00,101575
2f19a2eb-0893-97c6-24a4-5f14d6c06a0a,1993-09-16,,999-21-2642,S99982948,X26593621X,Mrs.,Tereasa291,Judy192,Hand679,,Cole117,M,white,nonhispanic,F,Blackstone  Massachusetts  US,100 Heaney Brook,Boston,Massachusetts,Suffolk County,25025,02199,42.38300504521684,-71.05353026063203,16148.90,0.00,47516
ee6dc4cd-bebb-cb85-6432-562513ed9a9f,1969-06-05,,999-29-6828,S99935892,X45662521X,Mr.,Elden718,Virgilio529,Bayer639,,,W,white,nonhispanic,M,Haverhill  Massachusetts  US,192 Waters Rue,Salisbury,Massachusetts,Essex County,25009,01952,42.88630744742634,-70.8267671583086,18316.34,1397.20,27535
ae3c0e10-ab24-556e-b2e7-4a320281f767,1945-11-05,,999-31-2299,S99937481,X84523741X,Mrs.,Marlana402,Francine922,Price929,,Connelly992,M,asian,nonhispanic,F,Brookline  Massachusetts  US,430 Kuhic Corner,Bridgewater,Massachusetts,Plymouth County,25023,02324,41.99966325373932,-70.93901918750866,20995.50,1307.46,138625
56e0e8d7-d6ff-46d7-d668-cd76365ee0eb,2003-10-01,,999-49-2114,S99990887,X46770668X,Ms.,Josefina523,,Rincón417,,,,black,nonhispanic,F,Panama City  Panama  PA,243 Feeney Route Apt 1,North Andover,Massachusetts,Essex County,,00000,42.66967820362486,-71.07125410108331,13159.42,0.00,146076
b47ebbcf-e0c1-6ec7-43d3-11f38a7d84d4,2004-06-01,,999-99-4126,S99934663,X53708103X,Mr.,Kristopher775,Leif534,McDermott739,,,,white,nonhispanic,M,Boston  Massachusetts  US,413 Turner Hollow Suite 2,Boston,Massachusetts,Suffolk County,25025,02136,42.323355198710786,-71.02395936220208,10482.96,3215.20,32232
b72c0bbd-4bda-e65a-d9c8-ac9200c00d6d,2000-06-21,,999-72-8344,S99916718,X39872576X,Mr.,Tyrone215,,Homenick806,,,,black,nonhispanic,M,Cambridge  Massachusetts  US,744 Nader Pathway,Winthrop,Massachusetts,Suffolk County,25025,02128,42.39167441024295,-71.01790498867722,13978.06,0.00,103853
d38b0d65-93c4-fe51-0b17-c51fe9914f60,1975-10-08,,999-75-2856,S99959434,X20868145X,Ms.,Elsa29,Mazie442,Nolan344,,,S,white,nonhispanic,F,Gardner  Massachusetts  US,785 Kuvalis Terrace Suite 58,Pittsfield,Massachusetts,Berkshire County,25003,01201,42.488336437238004,-73.2260575186134,5150.00,8976.80,22490
a8eb15b9-683e-e146-88c1-ae20d3302751,1966-11-08,,999-89-6571,S99934129,X10634297X,Mrs.,Tarah156,,Bruen238,,Koelpin146,D,asian,nonhispanic,F,Holden  Massachusetts  US,625 Zulauf Esplanade,Everett,Massachusetts,Middlesex County,25017,02148,42.39120063661145,-71.07588221530966,20252.80,0.00,47690
163c77e2-b17f-3a74-6712-be3d237da57c,1947-09-04,,999-48-9626,S99965994,X87781991X,Ms.,Carline928,Alejandra902,Lockman863,,,S,native,nonhispanic,F,Boston  Massachusetts  US,587 Eichmann Alley Apt 5,Easton,Massachusetts,Bristol County,,00000,41.99450972511006,-71.12442982843679,10432.00,13501.18,21214
f27fbc24-fa52-3251-3fd9-0f94bdbe2bfa,1954-07-01,,999-93-3181,S99977968,X98442413X,Ms.,Christel364,,Jones311,,,S,white,nonhispanic,F,Cambridge  Massachusetts  US,493 Corkery Approach Suite 96,Reading,Massachusetts,Middlesex County,25017,01801,42.48702982212623,-71.13428623600365,22794.78,1283.56,159776
db44eb5c-9ef3-4693-9d75-3e873fe94a4f,1991-12-25,,999-86-5307,S99935685,X84540837X,Mr.,Nathan164,Dillon740,Cole117,,,M,white,hispanic,M,Watertown  Massachusetts  US,704 Kilback Drive,Groveland,Massachusetts,Essex County,,00000,42.77305018065508,-71.00888460524071,16025.54,0.00,121829
93419518-77aa-8375-e4e8-8cc1d9297fbf,1961-10-05,,999-71-8097,S99988367,X27526097X,Mr.,Antony83,Theodore876,Barton704,,,W,white,nonhispanic,M,Reading  Massachusetts  US,564 Von Plaza Suite 38,Hanover,Massachusetts,Plymouth County,,00000,42.08563540883614,-70.85304861464726,21214.06,0.00,52134
959adb82-21b2-8251-17b6-8feecc772984,1954-06-24,,999-73-8258,S99943744,X21577819X,Mr.,Levi940,Ike571,Lynch190,,,D,white,nonhispanic,M,Brockton  Massachusetts  US,212 Skiles Way Unit 61,Worcester,Massachusetts,Worcester County,25027,01608,42.25128385045045,-71.77713727909124,7570.56,11877.04,15959
7a5e907e-d7ce-4e03-8f48-bcc9693d5a6e,1960-08-19,,999-59-9732,S99978671,X28893266X,Mrs.,Jackeline690,Kylee806,Wehner319,,Kuhn96,D,white,nonhispanic,F,Methuen  Massachusetts  US,596 Frami Vale Apt 44,Brockton,Massachusetts,Plymouth County,25023,02351,42.042472110838375,-70.98718660164913,8100.00,12289.36,17776
6eb2a414-0400-948d-370c-d74d3b74af7a,1974-12-18,,999-87-8845,S99950134,X37283666X,Mrs.,Sheridan30,,Grant908,,Goldner995,M,white,nonhispanic,F,Beverly  Massachusetts  US,371 Parisian Ferry,Colrain,Massachusetts,Franklin County,,00000,42.71201269312052,-72.66428385541431,19575.14,0.00,48218
709b5245-ac07-5e8e-10ef-c65e79db28e1,1994-01-06,,999-47-1090,S99975293,X99001435X,Mrs.,Vernice968,Rebeca548,Dooley940,,Schumm995,M,white,nonhispanic,F,Northbridge  Massachusetts  US,690 Raynor Bay Unit 38,Westborough,Massachusetts,Worcester County,25027,01581,42.25949439326636,-71.60954803719767,14115.14,0.00,198717
c193ab6a-277f-cf67-500c-c9bc65490a95,2000-01-13,,999-65-6286,S99982407,X73592209X,Mr.,Mariano761,Normand813,Nienow652,,,,white,nonhispanic,M,Somerville  Massachusetts  US,906 Rempel Key,Natick,Massachusetts,Middlesex County,,00000,42.25478572284743,-71.30561727231095,13556.90,0.00,133994
b1df6635-78a4-f50b-a8ab-8530d7647bc1,1945-06-01,,999-23-4962,S99933504,X82834203X,Ms.,Pauline896,Elene949,Reichert620,,,S,white,nonhispanic,F,Lexington  Massachusetts  US,1076 Yundt Trailer,Wakefield,Massachusetts,Middlesex County,25017,01880,42.56293277173305,-71.03131537914591,23536.94,1635.80,91204
1ca5e467-179c-c27c-70ec-764b0b2ad15f,1959-11-19,,999-12-9875,S99952010,X24665911X,Mr.,Archie818,Blaine377,Conn188,,,D,white,nonhispanic,M,Waltham  Massachusetts  US,571 Ferry Row Apt 88,Chicopee,Massachusetts,Hampden County,25013,01022,42.18342308649692,-72.56943323182331,21988.30,316.44,85529
190d6ecc-178f-1415-fe35-4eea61179545,1959-11-23,,999-83-6341,S99934282,X41704913X,Mrs.,Jesusa437,Shantel839,Pagac496,,Gerlach374,M,black,nonhispanic,F,Paris  Ile-de-France  FR,406 Jacobs Fort Unit 31,Woburn,Massachusetts,Middlesex County,25017,01801,42.441241233079666,-71.16216205414557,20856.16,351.60,111224
47f95a06-3353-2edf-318a-b8c8e50eb598,1960-10-30,,999-76-4399,S99978524,X94367004X,Mr.,Dana512,Micah422,Kreiger457,PhD,,M,white,nonhispanic,M,Boston  Massachusetts  US,100 Doyle Throughway Unit 6,Amesbury,Massachusetts,Essex County,25009,01913,42.85552186509979,-70.9201501245898,21992.94,175.80,88147
adc871d0-db1a-5605-f0e5-ff0a9f5b742f,2001-06-21,,999-19-6591,S99922603,X54469944X,Mr.,Weldon459,Rodger755,Haag279,,,,white,nonhispanic,M,Westwood  Massachusetts  US,1000 Orn Spur,Boston,Massachusetts,Suffolk County,25025,02119,42.32870783869928,-71.07062120250907,13557.18,0.00,103061
387874e6-31b8-96d8-00cb-b03e95513437,1993-08-02,,999-31-7266,S99981837,X92622655X,Mrs.,Bryanna1,Priscilla527,Douglas31,PhD,Hettinger594,M,white,nonhispanic,F,North Andover  Massachusetts  US,388 Feest Trace,Everett,Massachusetts,Middlesex County,25017,02149,42.4550892312814,-71.08095422410412,13576.40,0.00,56595
a5de1da4-a317-709b-2a75-7b0d530be782,1991-07-30,,999-71-6860,S99954369,X59193000X,Mr.,Bart73,,Morissette863,,,M,black,nonhispanic,M,Rockport  Massachusetts  US,212 Lesch Knoll,Boston,Massachusetts,Suffolk County,25025,02109,42.323960022497005,-71.0547182539907,5000.00,11571.14,4141
c6ba5ede-c9f4-7d6a-1a04-060c96126516,1958-06-18,,999-59-4637,S99933925,X83041795X,Mrs.,Fermina506,Tanya49,Witting912,,Bradtke547,M,white,nonhispanic,F,Watertown  Massachusetts  US,658 Skiles Ville Unit 47,Worcester,Massachusetts,Worcester County,25027,01609,42.20220123179434,-71.79838988824015,18179.28,313.12,46560
0a6245b0-0012-3109-e083-c6077d9b458b,1985-07-17,,999-61-1483,S99995490,X39637814X,Mr.,Stevie682,,Murazik203,,,S,white,nonhispanic,M,Northampton  Massachusetts  US,129 Becker Park,Lowell,Massachusetts,Middlesex County,25017,01852,42.63232233367896,-71.34786236355008,5450.00,10578.74,2105
8b0dc976-c08d-38d7-2d54-4964de014845,1960-04-02,,999-88-2441,S99958664,X24253316X,Mr.,Keneth579,,Bechtelar572,,,W,white,nonhispanic,M,Rockport  Massachusetts  US,684 Kshlerin Walk,Agawam,Massachusetts,Hampden County,25013,01030,42.09630235251739,-72.64873314564619,8150.00,12517.94,3900
9c7dbd20-52ad-7a88-8e8b-4dab8c2d1c03,1981-05-11,,999-46-1100,S99967037,X92451066X,Mr.,Timmy68,Jacinto644,Borer986,,,D,white,hispanic,M,Springfield  Massachusetts  US,930 Ledner Gardens,Woburn,Massachusetts,Middlesex County,25017,01801,42.49206680652796,-71.11301799454765,15619.14,0.00,96943
82e8ac70-5e83-d44e-30e8-d8ccb346178f,1981-08-08,,999-69-7465,S99989966,X25234621X,Mrs.,Emilia403,Soledad678,Adorno791,,Soto31,M,white,hispanic,F,Gaudalajara  Jalisco  MX,860 Beer Mission,New Bedford,Massachusetts,Bristol County,25005,02740,41.56869422286407,-71.01059678568303,6350.00,11575.18,13844
bea72653-bbeb-b06a-768e-f2f32d1f2fb7,1991-03-14,,999-95-5847,S99998586,X05919975X,Mrs.,Eddie505,Matthew562,Wisozk929,,Miller503,M,white,nonhispanic,F,Norton  Massachusetts  US,1090 Mohr Knoll Suite 92,Blackstone,Massachusetts,Worcester County,,00000,42.03697815028018,-71.4953836929184,15920.24,514.62,56104
08f0dfbd-120a-b5c0-17a1-017ae4c60bcd,1948-11-07,,999-88-6464,S99933255,X01542771X,Mrs.,Margarite168,Domenica436,Eichmann909,,Harvey63,W,white,nonhispanic,F,Peabody  Massachusetts  US,527 Green Lodge,Fitchburg,Massachusetts,Worcester County,25027,01420,42.564315185876644,-71.84643771666751,20849.10,1186.04,42003
14eeb433-ddf8-0eee-260c-19dfefeaa275,1945-02-01,,999-49-6698,S99930648,X13278748X,Ms.,Ruthie901,Daniell603,Mayer370,,,S,asian,nonhispanic,F,Everett  Massachusetts  US,596 Price Street,Newton,Massachusetts,Middlesex County,25017,02461,42.33896860625119,-71.18121872836515,21371.78,1482.56,998228
d681c6a4-39b6-ccef-6b04-fe325403d11e,1966-11-05,,999-25-5528,S99982869,X73333303X,Mr.,Deangelo7,Cody889,Flatley871,,,S,black,nonhispanic,M,Westfield  Massachusetts  US,534 Konopelski Tunnel,Wareham,Massachusetts,Plymouth County,,00000,41.76099423156529,-70.75001378232444,19850.34,0.00,54065
1be455da-84e7-5088-581f-a1e2d0d764d2,1979-07-22,,999-34-4013,S99980114,X69318202X,Mrs.,Lisandra920,Dean966,Casper496,,Paucek755,M,white,nonhispanic,F,Holyoke  Massachusetts  US,842 Heaney Ramp,Boston,Massachusetts,Suffolk County,25025,02151,42.3518609911435,-71.15616865775985,13541.94,1941.20,31355
c99bbf91-3056-7124-c204-c55fddade67d,1942-10-02,,999-25-7776,S99953272,X30522985X,Mrs.,Jerry654,Maryland870,Bernier607,,Schmidt332,D,white,nonhispanic,F,Worcester  Massachusetts  US,269 Heathcote Ramp,Belchertown,Massachusetts,Hampshire County,25015,01007,42.255487465120005,-72.4286977771211,23916.70,1801.64,47432
d92cf769-1daf-581e-20d3-776560d6c5bf,1985-07-03,,999-20-7309,S99914104,X49809738X,Mrs.,Doretha289,Shenita872,King743,,Reinger292,M,white,nonhispanic,F,Amesbury  Massachusetts  US,406 Walker Skyway Suite 68,Amherst,Massachusetts,Hampshire County,,00000,42.37178156923601,-72.50995794633364,16573.54,0.00,84828
c7b6b7a8-1761-67f7-4b08-0fdb3ffc20f5,2002-12-18,,999-98-5728,S99997824,X09095406X,Ms.,Jerilyn993,,Jacobi462,,,,black,nonhispanic,F,Webster  Massachusetts  US,1036 Abshire Way Suite 58,Boston,Massachusetts,Suffolk County,25025,02121,42.363960078528606,-71.0988563588196,3100.00,10740.74,19451
75858ed6-1a87-9d66-8848-4ab3c310c8d6,1972-10-24,,999-38-6474,S99991415,X30058947X,Mrs.,Kandis954,,Schimmel440,,Blick895,M,white,nonhispanic,F,Charlton  Massachusetts  US,469 Douglas Union Unit 37,Fall River,Massachusetts,Bristol County,25005,02723,41.6977520475334,-71.13590666919453,18348.74,0.00,37298
ef68dd83-99e5-c4a9-0518-14be324509c1,1999-05-30,,999-63-8139,S99936191,X29402129X,Mr.,Dallas143,,Terry864,,,,asian,nonhispanic,M,Canton  Massachusetts  US,308 Anderson Track Apt 43,North Brookfield,Massachusetts,Worcester County,25027,01535,42.31515466637937,-72.04040189721066,13024.22,0.00,178485
2fc70633-a391-55ab-47d1-590a20ae5453,2001-09-05,,999-23-6369,S99943216,X02221738X,Ms.,Joy676,Debra128,Schoen8,,,,black,hispanic,F,Boston  Massachusetts  US,377 DuBuque Light Unit 35,Boston,Massachusetts,Suffolk County,25025,02210,42.28853233789763,-71.07121945483146,10812.34,3029.20,29283
2cb4c064-af31-b55d-ae81-ac4587d6db56,1959-12-06,,999-17-7714,S99973128,X09640492X,Ms.,Olivia294,Marget728,Nitzsche158,,,S,black,nonhispanic,F,Chelsea  Massachusetts  US,516 Schinner Wynd Apt 24,Boston,Massachusetts,Suffolk County,25025,02151,42.352340332360185,-71.07555616415944,18782.34,1612.80,26522
5acc3405-7704-0047-ef41-757acbe0d3a8,1985-12-16,,999-73-8457,S99966474,X88930387X,Mr.,Jeromy156,Kurtis994,Osinski784,,,M,white,nonhispanic,M,Shrewsbury  Massachusetts  US,235 Powlowski Avenue Suite 95,Cambridge,Massachusetts,Middlesex County,25017,02142,42.41255884690144,-71.18001142052408,13028.22,0.00,71984
1a368808-b61d-d86d-6ba6-92ff46fa326f,1976-11-03,,999-12-4032,S99982858,X97773020X,Mrs.,Kevin729,Natividad796,Wilderman619,,Kertzmann286,D,white,nonhispanic,F,Quincy  Massachusetts  US,914 Emmerich Fork,Littleton,Massachusetts,Middlesex County,,00000,42.505614126386185,-71.52200908780193,18893.54,0.00,65408
2ac38fa1-3c60-a358-ddd9-dc23e28f9a8f,1993-05-06,,999-92-6548,S99944791,X26354764X,Mr.,Chad48,,Thompson596,,,S,white,nonhispanic,M,Berkley  Massachusetts  US,888 D'Amore Heights Unit 81,Hanson,Massachusetts,Plymouth County,25023,02341,42.07820184623492,-70.88962764118826,14115.94,0.00,792074
c054d0d6-b198-e6e7-054e-3811276c6db7,1954-12-19,,999-61-9042,S99927374,X86988794X,Mr.,Kip442,Kyle55,Cassin499,,,W,white,nonhispanic,M,Worcester  Massachusetts  US,516 Quigley Row Suite 83,Duxbury,Massachusetts,Plymouth County,25023,02332,42.07306312704548,-70.70249725532577,22596.94,1208.60,119987
2e9ce048-0de4-afe7-ce69-70c34329f069,1917-03-01,,999-63-3659,S99937675,X46002353X,Ms.,Versie644,Migdalia164,Huel628,,,S,white,nonhispanic,F,Franklin  Massachusetts  US,618 Klocko Avenue,Attleboro,Massachusetts,Bristol County,44007,02861,41.887031279664,-71.2701083842543,22224.70,1727.34,51472
857f3740-72a3-22ec-6e7b-212181318908,1994-01-14,,999-85-9449,S99936464,X15479371X,Mrs.,Edythe31,Annabell933,Heaney114,,Franecki195,M,white,nonhispanic,F,Randolph  Massachusetts  US,177 Rau Tunnel,Boston,Massachusetts,Suffolk County,25025,02129,42.32902010792404,-71.08146256157907,14660.74,0.00,58358
a52be362-660a-6183-dd45-bbae95170884,1966-05-02,,999-70-1415,S99940016,X98207854X,Mr.,Quinn173,Jaime666,Stark857,,,D,white,nonhispanic,M,Haverhill  Massachusetts  US,500 Gerhold Passage Apt 68,South Dennis,Massachusetts,Barnstable County,25001,02660,41.70037787809565,-70.1602350195187,18043.54,1261.20,34364
2a667b9d-1623-4b71-5fc5-91ea3492b469,2001-10-01,,999-26-9448,S99949297,X80935651X,Mr.,Damian46,Jimmie93,Fadel536,,,,white,nonhispanic,M,West Springfield  Massachusetts  US,835 Abshire Row Unit 12,Foxborough,Massachusetts,Norfolk County,25021,02035,42.0350522395133,-71.28647651173954,10130.74,3029.20,34941
1bc079c7-3ec0-6e4b-ff8c-9a57edeeb957,2000-07-07,,999-29-7217,S99930645,X83292325X,Mr.,Benjamín452,Eduardo902,Holguín308,,,,white,hispanic,M,San Jose  San Jose  CR,228 Tillman Way,Worcester,Massachusetts,Worcester County,25027,01605,42.30236510174705,-71.78800131123346,13302.80,0.00,39971
4093a625-bac4-3048-8aab-b9b9e5b6d3c9,1967-03-08,,999-73-8244,S99919935,X60988143X,Mrs.,Kathaleen265,Lucile200,Morissette863,,Zboncak558,D,white,nonhispanic,F,Ayer  Massachusetts  US,199 Larson Overpass,Newton,Massachusetts,Middlesex County,25017,02468,42.297442806348926,-71.23828877853494,18622.06,0.00,74537
a6291111-be70-fbae-0d72-c0f41eb20a9a,1960-03-03,,999-55-1310,S99944681,X94378840X,Mr.,Von197,Willie882,Purdy2,MD,,M,asian,nonhispanic,M,North Westport  Massachusetts  US,696 Collins Track Apt 23,Arlington,Massachusetts,Middlesex County,25017,02476,42.441659898758424,-71.13733231645183,21407.54,351.60,72784
99acf59b-1c82-4eb8-3917-465d421c30d6,1995-02-13,,999-91-1898,S99983641,X05637448X,Mrs.,Abbey813,Delicia67,Satterfield305,,Kessler503,M,white,nonhispanic,F,Woburn  Massachusetts  US,121 Strosin Forge,Fitchburg,Massachusetts,Worcester County,25027,01420,42.542673965976505,-71.78412589477375,13699.24,0.00,93104
84a896a5-36a7-0b12-c2ed-bc1ff34d6d2a,1975-03-02,,999-14-5556,S99940347,X81806565X,Ms.,Jenniffer979,,Donnelly343,,,S,white,nonhispanic,F,Shrewsbury  Massachusetts  US,535 Breitenberg Divide,Stoneham,Massachusetts,Middlesex County,25017,02180,42.4515206410688,-71.12053736727341,19983.94,0.00,337689
502f2152-9655-f225-531f-6bd4ea67058a,2004-03-06,,999-68-1744,S99948007,X73308309X,Mr.,Ignacio928,,Jurado563,,,,white,hispanic,M,Puebla  Puebla  MX,883 Schamberger Track Unit 67,Dartmouth,Massachusetts,Bristol County,,00000,41.61359465677896,-70.98825192545604,12744.84,0.00,89741
8ccd5409-e376-ee1d-61fa-4c1d1cfed3b9,1971-11-10,,999-12-8232,S99957772,X76858260X,Mr.,Winston220,Pasquale620,Emard19,,,D,white,nonhispanic,M,Tewksbury  Massachusetts  US,309 Howe Drive Apt 0,Hudson,Massachusetts,Middlesex County,25017,01749,42.438174128661814,-71.51617068670276,17667.14,0.00,61752
b5cef249-62ec-bc37-0274-6da09aef430d,1987-11-18,,999-71-1307,S99912151,X47169267X,Mrs.,Josefine519,Latina115,Moore224,,Kozey370,M,asian,nonhispanic,F,Worcester  Massachusetts  US,398 Schuppe Common Unit 16,Watertown,Massachusetts,Middlesex County,25017,02472,42.34518365931601,-71.12892659641116,13300.74,0.00,136418
47144e8a-87fa-9004-7d4b-6374266eb65c,1970-09-04,,999-19-4117,S99956781,X13884670X,Mrs.,Kimberli643,Lu473,Lind531,,Emmerich580,M,white,nonhispanic,F,Georgetown  Massachusetts  US,181 Ratke Well,Dudley,Massachusetts,Worcester County,,00000,42.09243420507687,-71.96244557879737,18212.46,0.00,117223
b6ddc788-6e0a-056e-408e-c456fba84f2e,1981-04-12,,999-28-5363,S99938751,X63337265X,Mr.,Leif534,Jerald662,Morar593,,,M,white,nonhispanic,M,Brookline  Massachusetts  US,530 DuBuque Trail,Egremont,Massachusetts,Berkshire County,,00000,42.21700741255453,-73.47394862577892,13678.74,2213.20,30583
71999df2-6994-f040-6136-ec4fa5d5ebbb,1978-12-28,,999-13-2452,S99970736,X63796249X,Mr.,Emil691,,Leannon79,,,M,native,nonhispanic,M,Concord  Massachusetts  US,382 Erdman Haven Suite 92,Chelsea,Massachusetts,Suffolk County,25025,02151,42.43437821574657,-71.05475759018994,6700.00,11901.24,8086
a57fb133-923b-abe2-e5e7-663300d76d64,1989-03-04,,999-78-1906,S99977654,X16855244X,Ms.,Coleen678,Shayne60,Lueilwitz711,,,S,white,nonhispanic,F,Braintree  Massachusetts  US,577 Mosciski Light Unit 91,Sudbury,Massachusetts,Middlesex County,,00000,42.368723640519384,-71.46728873264647,13052.44,520.30,81502
50e0acc8-d90a-c4e9-ab5f-1ded7ccd75da,2001-12-12,,999-99-4418,S99976976,X33364911X,Ms.,Lovetta319,Jen355,Howell947,,,,white,nonhispanic,F,Holden  Massachusetts  US,698 Marquardt Haven Suite 13,Ocean Bluff-Brant Rock,Massachusetts,Plymouth County,,00000,42.06590142188419,-70.66682261606736,13154.16,0.00,58409
812a4a4b-00a3-a17b-901a-a80e92d4dda1,1947-12-13,,999-20-4314,S99976754,X24220473X,Ms.,Myrtis608,Maye976,Corkery305,,,S,white,nonhispanic,F,Raynham  Massachusetts  US,833 Schumm Trace,Billerica,Massachusetts,Middlesex County,,00000,42.564800586592,-71.25551382690313,24252.36,1186.04,37664
284ed6b3-71a8-ce80-30df-c392b1774307,1988-02-21,,999-30-1722,S99993779,X84431240X,Mr.,Juan88,Alberto639,Gulgowski816,,,M,white,nonhispanic,M,Holliston  Massachusetts  US,1073 Padberg Track Unit 24,Dunstable,Massachusetts,Middlesex County,,00000,42.634795363474964,-71.50395906591096,14107.30,0.00,68872
5d033446-5f2a-dabe-07cd-1b771b6be867,1980-02-17,,999-77-3302,S99941371,X83674592X,Mr.,Lawerence6,Carlos172,Roberts511,,,D,asian,nonhispanic,M,Somerville  Massachusetts  US,361 Thiel Extension,Revere,Massachusetts,Suffolk County,25025,02151,42.3771660786169,-71.01699704964082,17944.12,0.00,67174
2285551f-f1f0-1156-6e0f-903074791436,1978-05-07,,999-71-6988,S99941071,X77680094X,Mrs.,Dung738,Cara845,Jacobson885,,Raynor401,M,white,nonhispanic,F,Springfield  Massachusetts  US,388 Turner Terrace,Hull,Massachusetts,Plymouth County,25023,02045,42.31625880727377,-70.93976009925106,14484.78,1805.20,34038
0130fa61-a3ba-7a9e-6154-43c0243d6424,1990-05-20,,999-15-7492,S99974445,X28941222X,Mrs.,Retha410,,Reynolds644,,Mosciski958,M,white,nonhispanic,F,Wakefield  Massachusetts  US,1067 Maggio Esplanade,Everett,Massachusetts,Middlesex County,25017,02149,42.389431160392554,-71.08289108657101,15618.34,0.00,162826
7002078c-c33a-ace1-bb66-23612ecb4b18,2000-09-08,,999-89-1723,S99930445,X61604461X,Mr.,Burl285,King743,Blanda868,,,,white,nonhispanic,M,Norwood  Massachusetts  US,445 Hansen Dam Unit 36,Carlisle,Massachusetts,Middlesex County,,00000,42.54741112253407,-71.33396950771186,12636.90,795.84,495571
32dc8e87-3c4c-03f1-0dd4-1215607bff5d,2000-09-01,,999-64-2352,S99937788,X38736414X,Ms.,Ana972,,Valles311,,,,white,hispanic,F,Guatemala City  Guatemala  GT,864 Kshlerin Gardens Suite 76,Springfield,Massachusetts,Hampden County,25013,01119,42.14715972079921,-72.61163863823626,3650.00,10464.34,11444
b70cbf76-fcf2-7eda-767e-77c01c2f5dda,1992-05-22,,999-32-2306,S99960486,X37525597X,Ms.,Cristy798,Lorrie905,Quitzon246,,,S,black,nonhispanic,F,Malden  Massachusetts  US,789 Erdman Track,Boston,Massachusetts,Suffolk County,25025,02131,42.3003354728524,-71.035705435655,12883.24,0.00,100149
623ae9d6-39ac-08eb-2e37-f04cfc4d0c6d,2004-09-14,,999-36-8804,S99933872,X97128294X,Mr.,Leroy603,,Wolf938,,,,white,nonhispanic,M,Yarmouth  Massachusetts  US,886 Auer Key Suite 6,Cohasset,Massachusetts,Norfolk County,,00000,42.23588366207891,-70.76979709571835,14113.26,0.00,93755
4aa04346-2298-0d83-883c-2b4dc2298805,2003-03-11,,999-10-1465,S99972261,X65990606X,Ms.,Myrle831,Mandy775,Kuhlman484,,,,white,nonhispanic,F,Boston  Massachusetts  US,718 Douglas Lodge Suite 86,Needham,Massachusetts,Norfolk County,25021,02492,42.280691799608036,-71.28274932204415,12744.84,0.00,87973
c3c3e620-77ed-aa3c-ba31-a49f26ac5adc,1993-04-29,,999-77-4560,S99921847,X96349575X,Mrs.,Ellena683,Carmella421,Hegmann834,,Heathcote539,M,white,nonhispanic,F,Methuen  Massachusetts  US,759 Reynolds View Unit 94,Springfield,Massachusetts,Hampden County,25013,01103,42.13080367397426,-72.56303752513453,4000.00,9843.14,4073
6111fe35-dadb-84cf-bbac-e40f75d65c10,1962-12-02,,999-78-3359,S99944681,X41179433X,Mr.,John539,Donovan745,Bernier607,,,D,white,nonhispanic,M,Franklin  Massachusetts  US,888 Bechtelar Passage Unit 17,Hanover,Massachusetts,Plymouth County,,00000,42.08160201648395,-70.89801795172728,19020.38,0.00,675847
d2621b8c-e5ea-6993-f516-f20e7fc03ab2,1984-06-23,,999-38-3696,S99938074,X23836994X,Mr.,Efrain317,Micah422,Ward668,,,M,white,nonhispanic,M,Wellesley  Massachusetts  US,802 Dickens Orchard Suite 91,Boston,Massachusetts,Suffolk County,25025,02121,42.33895099008148,-71.03388946224005,12694.28,742.74,60676
c7e3f98a-8faa-b28c-1a83-ffa9e7570687,1973-09-15,,999-10-9265,S99972069,X76448004X,Mr.,Irvin970,Jules135,Watsica258,,,M,white,nonhispanic,M,Wareham  Massachusetts  US,633 Hand Fork Suite 86,Attleboro,Massachusetts,Bristol County,44007,02861,41.892274511897625,-71.31944114368326,17939.14,0.00,105174
c4617282-5547-d8a1-4348-9dff15bec54f,1997-03-21,,999-71-3378,S99998365,X65677388X,Mr.,Ben667,Florentino8,Cartwright189,,,M,white,nonhispanic,M,Billerica  Massachusetts  US,1029 Padberg Heights Unit 19,Seekonk,Massachusetts,Bristol County,,00000,41.887143669809134,-71.31429273715622,4100.00,11514.34,16929
3552e0df-8e24-f780-57ae-e294c1575296,1994-10-27,,999-99-1548,S99983195,X02514575X,Mr.,Pedro316,Luis923,Cavazos163,,,M,black,hispanic,M,Caguas  Puerto Rico  PR,356 MacGyver Gateway,Uxbridge,Massachusetts,Worcester County,,00000,42.015052699340494,-71.64937409760043,14699.78,1187.36,76934
d91e64c0-519d-617d-6874-8799b74d47da,1970-08-19,,999-29-4519,S99941338,X26443107X,Mr.,Chris95,Jc393,Glover433,,,S,white,nonhispanic,M,Boston  Massachusetts  US,371 Kuvalis Bypass,Lawrence,Massachusetts,Essex County,25009,01841,42.71915275052562,-71.1707166908307,19576.74,0.00,66242
6f3b1274-9769-1a12-5394-b401112a7d77,1988-11-23,,999-13-1161,S99956405,X61652571X,Mrs.,Soila394,Vicky438,Hegmann834,,Schoen8,M,white,nonhispanic,F,Pembroke  Massachusetts  US,547 Trantow Grove Suite 28,Marlborough,Massachusetts,Middlesex County,25017,01752,42.310991864443075,-71.54714510566228,13027.94,0.00,119100
48eecfff-9345-20ae-1673-7f344d447b88,1981-07-30,,999-32-7966,S99948080,X52367699X,Mr.,Mohamed943,,Lang846,MD,,M,white,nonhispanic,M,Worcester  Massachusetts  US,599 Russel Pathway,Hanson,Massachusetts,Plymouth County,25023,02341,42.00794058895526,-70.8676221015384,15346.34,0.00,504387
4ca3c2cb-eb7b-a979-0368-49b8a0686879,1928-07-09,,999-61-1948,S99938876,X93117848X,Mr.,Doyle959,Pasquale620,Pfeffer420,,,M,asian,nonhispanic,M,Cantho  Cần Thơ  VN,903 Murazik Lock,Walpole,Massachusetts,Norfolk County,25021,02081,42.10379753952825,-71.24015819759587,20936.80,2339.60,89445
3f3249f4-b337-62fe-932e-c60756e114c6,1958-01-05,,999-68-8592,S99944433,X52792616X,Mrs.,Collene784,Jolene291,Kohler843,,Brown30,M,asian,hispanic,F,Lowell  Massachusetts  US,293 Huel Camp Apt 76,Methuen,Massachusetts,Essex County,25009,01844,42.753924302082474,-71.2212771778286,20369.94,423.24,127617
5a834607-4602-0c0c-9049-22455b356b44,1993-12-07,,999-15-6432,S99988151,X43782197X,Ms.,Rachelle804,Ariane992,Renner328,,,S,white,nonhispanic,F,Salem  Massachusetts  US,912 Franecki Arcade,Worcester,Massachusetts,Worcester County,25027,01606,42.25271701617046,-71.74726262506715,14240.38,0.00,142588
c0af463d-cab7-ee39-0bb0-87fd7b019873,1976-11-20,,999-44-1524,S99925085,X66311651X,Mrs.,Laraine204,Odelia236,Hettinger594,JD,O'Keefe54,D,white,nonhispanic,F,Boston  Massachusetts  US,144 Harber Extension,Leicester,Massachusetts,Worcester County,,00000,42.228311322504325,-71.95922925552503,17803.14,0.00,46068
55320a25-203b-9b59-88cc-c6b4d6662a3c,1970-11-27,,999-20-1881,S99915864,X18008663X,Mr.,Duncan491,,Wisoky380,,,S,white,nonhispanic,M,Teaticket  Massachusetts  US,186 Bradtke Trail Apt 14,Mashpee,Massachusetts,Barnstable County,,00000,41.61119938957032,-70.46572742670155,16848.74,0.00,40356
33608855-3dfc-50a6-6534-75c72f20f902,1963-04-06,,999-60-7358,S99957613,X49176062X,Ms.,Beatriz277,Julia241,Dávila115,,,S,white,hispanic,F,Portsmouth  Saint John Parish  DM,853 Gerhold Quay Apt 59,Sterling,Massachusetts,Worcester County,,00000,42.43474683713349,-71.792910652376,6600.00,10801.20,18926
56a21bf1-c7ae-db47-c4ec-0f6ee684c272,1963-11-03,,999-43-5765,S99991742,X96883590X,Mrs.,Shawanda667,,Schamberger479,,Satterfield305,W,white,nonhispanic,F,Boston  Massachusetts  US,858 Johnson Branch Suite 65,Middleton,Massachusetts,Essex County,,00000,42.64593680197641,-71.01754820488736,7650.00,12050.90,9976
abaa3337-9d3c-ced9-ee5c-c5eb38a7ed2c,1951-08-25,,999-79-2191,S99912459,X60909848X,Ms.,Leila837,Sharolyn456,Mann644,,,S,white,nonhispanic,F,Boston  Massachusetts  US,270 Jacobs Union,Lynn,Massachusetts,Essex County,25009,01906,42.484608209905595,-70.94111928775995,8653.00,13790.14,15410
e2de9443-287f-4e8d-75fb-2995e47aa65c,1922-09-01,,999-52-8228,S99990461,X97641079X,Mrs.,Tyra356,Drema139,Little434,,Lind531,M,white,nonhispanic,F,Natick  Massachusetts  US,961 Armstrong Fork,Fitchburg,Massachusetts,Worcester County,25027,01420,42.63698395461272,-71.77030231729762,24035.98,2510.08,104190
d3c54f95-6192-9dba-0669-0140afe114bf,1974-10-31,,999-66-3879,S99981483,X32460964X,Mrs.,Janetta325,Leanne251,Maggio310,,Shields502,M,white,hispanic,F,Northwest Harwich  Massachusetts  US,831 Rice Branch Unit 13,Beverly,Massachusetts,Essex County,25009,01915,42.52970455536342,-70.87873750978635,18750.68,0.00,595494
b4425715-90fe-3b16-6b3b-45e9ece52a5b,1961-06-17,,999-95-1139,S99930630,X61580434X,Mrs.,Mozella148,Katie634,Murray856,,DuBuque211,M,white,nonhispanic,F,Grafton  Massachusetts  US,895 Howell Course Unit 85,Belmont,Massachusetts,Middlesex County,25017,02472,42.40152686801017,-71.15549197467436,21084.12,0.00,42625
824cc1b4-6bd4-21f1-a559-e74f3a37260f,1970-06-06,,999-90-5569,S99944513,X17307186X,Mr.,Giuseppe872,Deshawn686,Swift555,,,M,white,nonhispanic,M,Chicopee  Massachusetts  US,861 Champlin Divide,Stoneham,Massachusetts,Middlesex County,25017,02180,42.48237302072255,-71.09396167912743,18070.16,0.00,85164
8befe1cb-07eb-43ac-6207-d8671e47c53e,1980-09-26,,999-39-2829,S99954059,X02028657X,Mrs.,Donna446,,Ledner144,,Bosco882,M,white,nonhispanic,F,Boston  Massachusetts  US,743 Adams Row Unit 5,Boston,Massachusetts,Suffolk County,25025,02125,42.378518980923516,-71.03702576391152,5450.00,10169.14,8821
e18a5670-c541-14c9-bb64-b13d82c81f33,1972-07-06,,999-72-9328,S99939723,X34274295X,Mr.,Calvin845,Donny470,Baumbach677,,,M,white,nonhispanic,M,Boston  Massachusetts  US,234 Welch Gardens Unit 38,Townsend,Massachusetts,Middlesex County,25017,01469,42.659384740807354,-71.68110826782946,17797.36,0.00,66831
3145c590-b056-ba9e-3539-905f6c8ea43c,1963-10-01,,999-11-7061,S99911206,X89153490X,Mrs.,Indira327,Ofelia194,Hermann103,,Kuhic920,M,white,hispanic,F,Lowell  Massachusetts  US,752 Spinka Corner Suite 12,Worcester,Massachusetts,Worcester County,25027,01545,42.35679560901296,-71.77900664787063,18610.78,0.00,73823
fb8640a7-7884-cc8e-2fad-0edbd8a51053,2001-03-12,,999-87-6304,S99956765,X32324358X,Ms.,Bea654,Gay359,Klocko335,,,,asian,nonhispanic,F,Melrose  Massachusetts  US,485 Block Grove,Stoneham,Massachusetts,Middlesex County,25017,02180,42.44970540952351,-71.05203141906459,14250.34,0.00,752994
cf33dfca-bd78-675d-f521-ababda6904c6,1949-05-08,,999-18-7259,S99983568,X00304875X,Mr.,Derick144,Mitchell808,Fisher429,,,M,white,nonhispanic,M,Pittsfield  Massachusetts  US,337 McKenzie Orchard,Framingham,Massachusetts,Middlesex County,25017,01702,42.27785609763968,-71.45778982352518,21153.90,1426.84,56690
43930f0f-f1a5-964a-5d45-e2198b8b5298,1962-10-08,,999-13-6961,S99950396,X43288111X,Mrs.,Marvella276,,Casper496,,Gleichner915,M,white,nonhispanic,F,Stow  Massachusetts  US,756 Kub Mission,East Douglas,Massachusetts,Worcester County,25027,01516,42.00966589813615,-71.77193460404315,20668.46,0.00,40463
884e5ff1-af42-df93-03dd-f534ee8b1aea,1965-10-20,,999-65-9084,S99925848,X07314262X,Ms.,Lesa839,Tran115,Bergnaum523,JD,,S,white,nonhispanic,F,Whitman  Massachusetts  US,580 Wehner Corner Apt 2,Dartmouth,Massachusetts,Bristol County,,00000,41.61334377252204,-70.90883138776745,16952.34,1261.20,33475
161d54bf-64ec-8680-d655-2760be627e8d,1963-11-09,,999-24-9481,S99998535,X78312337X,Mrs.,Maegan141,Tracee120,Fritsch593,,Lind531,W,white,nonhispanic,F,Duxbury  Massachusetts  US,757 Bashirian Orchard Suite 11,Woburn,Massachusetts,Middlesex County,25017,01801,42.50938497226523,-71.12912273280205,20947.32,0.00,90879
946a78dd-7393-1797-daba-a743d28452ab,1999-08-01,,999-43-5629,S99977801,X44550290X,Ms.,Graciela518,Alejandra902,Contreras711,,,,black,nonhispanic,F,Kingston  Kingston  JM,518 Schuster Hollow Unit 48,Lynn,Massachusetts,Essex County,25009,01902,42.490887895680295,-70.98378614793015,3400.00,9748.38,10561
21897b8e-8fe9-d090-5ac7-550cc0a5a7e7,1987-07-16,,999-55-7828,S99984701,X08584444X,Mr.,Darrin898,Milton509,Hartmann983,,,D,white,nonhispanic,M,Randolph  Massachusetts  US,779 Gerhold Track Apt 43,Warren,Massachusetts,Worcester County,25027,01083,42.21106406126037,-72.20736016901203,15755.94,0.00,40897
8e209582-1525-dce5-09b8-abc7551398b5,2004-12-22,,999-95-8996,S99986773,X09953092X,Ms.,Odette203,Kittie678,Douglas31,,,,black,nonhispanic,F,Amherst Center  Massachusetts  US,114 Quitzon Flat Apt 16,Brockton,Massachusetts,Plymouth County,25023,02301,42.07111105314527,-70.92379173719564,8631.39,4515.91,30690
17a27aed-e1be-8db6-c42c-7d230cca2033,2002-05-06,,999-16-7669,S99993871,X58216218X,Mr.,Vito638,Dominic463,Hirthe744,,,,white,nonhispanic,M,Beverly  Massachusetts  US,279 Goodwin Ferry Unit 85,Boston,Massachusetts,Suffolk County,25025,02163,42.386921068071025,-71.08086859428366,13568.74,0.00,82958
bd208267-28ac-318c-0ea6-b028c559ccea,1993-04-12,,999-64-7103,S99960270,X34332035X,Mr.,Salvatore257,Jonah176,Langosh790,,,S,white,nonhispanic,M,Boston  Massachusetts  US,409 Doyle Grove Apt 97,Westport,Massachusetts,Bristol County,,00000,41.593328858314955,-71.03616015816206,15888.74,0.00,118643
e8d1c0e3-3d1e-1be2-881f-7c84d8f958b1,1991-04-24,,999-32-5235,S99977965,X31290502X,Mr.,Malcom15,Wyatt967,Tremblay80,,,D,white,nonhispanic,M,Springfield  Massachusetts  US,102 Roberts Quay Apt 89,Billerica,Massachusetts,Middlesex County,,00000,42.525899840725316,-71.26425384292303,15480.74,0.00,106341
7b8e698e-a4dc-1169-dc89-2d20b6f89ed5,1976-09-03,,999-94-8478,S99989787,X26204352X,Mrs.,Rosina706,Loura465,Gerlach374,,Gorczany269,M,white,nonhispanic,F,Cambridge  Massachusetts  US,965 Nienow Dale Unit 58,Medway,Massachusetts,Norfolk County,,00000,42.16010089218658,-71.43379997222334,17767.11,990.15,637651
7f608150-f781-a9f1-7ef9-ddef8028d29d,1984-08-16,,999-41-8424,S99965067,X47578623X,Mr.,Boris111,Bud153,Waelchi213,,,M,white,nonhispanic,M,Munich  Bavaria  DE,742 Jones Terrace Suite 70,Monson,Massachusetts,Hampden County,,00000,42.0677646277621,-72.31965686561689,14663.66,0.00,58348
a9ec81d6-089d-b787-9718-741d43e4c351,1960-11-05,,999-33-3633,S99912908,X72921576X,Mrs.,Kasha638,,Parker433,,Zulauf375,D,white,nonhispanic,F,North Andover  Massachusetts  US,190 Stoltenberg Track Suite 29,South Yarmouth,Massachusetts,Barnstable County,25001,02664,41.716037942681176,-70.21814258909835,20343.50,175.80,39918
4b117589-60f4-defb-cb13-7490b248cb4f,1961-10-25,,999-41-9235,S99917897,X70672536X,Mrs.,Marivel862,,Kozey370,,Lowe577,M,white,nonhispanic,F,Lynn  Massachusetts  US,1077 Upton Heights,Lowell,Massachusetts,Middlesex County,25017,01851,42.687175662032296,-71.32863560849052,20123.14,0.00,44074
3b95ae46-e509-62c5-2362-ed815df24159,1972-09-16,,999-25-4822,S99944306,X99851302X,Mr.,Derek111,Amos720,Murphy561,,,M,white,nonhispanic,M,Hingham  Massachusetts  US,1089 Feeney Underpass Apt 86,Norwood,Massachusetts,Norfolk County,25021,02090,42.14216438705711,-71.20517146234256,18178.74,1397.20,30266
6e79c055-f0e9-30dc-7fd1-67273ea6c628,2005-12-04,,999-70-7345,S99922687,X73355903X,Mr.,Kerry175,Merlin721,Tillman293,,,,white,nonhispanic,M,Medford  Massachusetts  US,1021 Brekke Wall,Tewksbury,Massachusetts,Middlesex County,,00000,42.65648430401056,-71.23721791446665,13295.94,0.00,98521
